{
  "base_files_url": "https://proxy.andi.com.br/Coin-OpCollection/Distribution-MiSTerFPGA/008c94b8da0279a90d78856b9853fedf6dfd2733/",
  "db_id": "Coin-OpCollection/Distribution-MiSTerFPGA",
  "db_url": "https://proxy.andi.com.br/Coin-OpCollection/Distribution-MiSTerFPGA/db/db.json.zip",
  "files": {
    "_Arcade/Armed F (Japan).mra": {
      "hash": "5d088c6ec9d1e573d74bbf189e93c687",
      "size": 2889,
      "tags": [
        13,
        15,
        18,
        22,
        26,
        27,
        30,
        35
      ]
    },
    "_Arcade/Armed Police Batrider (Japan, B Version) (Fri Feb 13 1998).mra": {
      "hash": "c1f0f43f6cbbaef3cfbf8c4285bfb7fd",
      "size": 5599,
      "tags": [
        12,
        13,
        16,
        18,
        22,
        23,
        24,
        25,
        26,
        27
      ]
    },
    "_Arcade/Battle Bakraid - Unlimited Version (Japan) (Tue Jun 8 1999).mra": {
      "hash": "f9cbf8c808c6d77f07bc9d0c29e09b24",
      "size": 5008,
      "tags": [
        12,
        13,
        16,
        18,
        22,
        24,
        25,
        26,
        27,
        31
      ]
    },
    "_Arcade/Battle Garegga (Europe - USA - Japan - Asia) (Sat Feb 3 1996).mra": {
      "hash": "a7ce82a704c5899478973acce7f32667",
      "size": 3551,
      "tags": [
        12,
        13,
        16,
        18,
        22,
        24,
        25,
        26,
        27,
        32
      ]
    },
    "_Arcade/Chouji Meikyuu Legion (Japan ver 1.05, set 2).mra": {
      "hash": "5b97135f35535e9dd3159d40db3861dc",
      "size": 3010,
      "tags": [
        12,
        13,
        16,
        18,
        22,
        25,
        26,
        27,
        30,
        35
      ]
    },
    "_Arcade/Crazy Climber 2 (Japan).mra": {
      "hash": "67114b9f5afefe7ec3eef73b07e3c552",
      "size": 3100,
      "tags": [
        11,
        18,
        22,
        27,
        35,
        36,
        37
      ]
    },
    "_Arcade/Demon's World - Horror Story (Set 3).mra": {
      "hash": "7eb81637f3f9339b841619318b5d5334",
      "size": 2857,
      "tags": [
        11,
        18,
        22,
        24,
        25,
        26,
        27,
        38
      ]
    },
    "_Arcade/Gang Wars.mra": {
      "hash": "4b6e8a2586e7176edb33c794b06199ee",
      "size": 2906,
      "tags": [
        11,
        18,
        22,
        24,
        25,
        26,
        27,
        40
      ]
    },
    "_Arcade/Hachoo.mra": {
      "hash": "2b104cb3782a2f411e0ea0d532d8bfcd",
      "size": 3527,
      "tags": [
        11,
        18,
        22,
        25,
        26,
        27,
        29,
        30
      ]
    },
    "_Arcade/Hellfire (2P Set).mra": {
      "hash": "0e78f467496511f99ffa0c4a31e6121f",
      "size": 2544,
      "tags": [
        11,
        18,
        22,
        26,
        27,
        30,
        41
      ]
    },
    "_Arcade/Iga Ninjyutsuden (Japan).mra": {
      "hash": "4411e849d6c8aa10468b938ab99a8a5d",
      "size": 3365,
      "tags": [
        11,
        18,
        22,
        26,
        27,
        29,
        30
      ]
    },
    "_Arcade/Ikari III - The Rescue (World Version 1, 8-Way Joystick).mra": {
      "hash": "36f33430a84cf3460d01e8d1f747e4d0",
      "size": 3993,
      "tags": [
        11,
        18,
        22,
        24,
        25,
        26,
        27,
        42
      ]
    },
    "_Arcade/In Your Face (US, Prototype).mra": {
      "hash": "0d93c36215247ee7c6e805d12efedc7d",
      "size": 3588,
      "tags": [
        11,
        18,
        22,
        24,
        25,
        26,
        27,
        29
      ]
    },
    "_Arcade/Jitsuryoku!! Pro Yakyuu (Japan).mra": {
      "hash": "828d417d14447fe44145e8461a8de604",
      "size": 3091,
      "tags": [
        11,
        18,
        22,
        24,
        25,
        26,
        27,
        29
      ]
    },
    "_Arcade/Kid no Hore Hore Daisakusen.mra": {
      "hash": "c375364fb6c9ec5beb34f4af69b44ffa",
      "size": 2872,
      "tags": [
        12,
        13,
        16,
        18,
        22,
        26,
        27,
        30,
        33
      ]
    },
    "_Arcade/Kozure Ookami (Japan).mra": {
      "hash": "76a610ce4121bd918c7b94cff08246d2",
      "size": 2985,
      "tags": [
        11,
        18,
        22,
        26,
        27,
        30,
        35
      ]
    },
    "_Arcade/Mahou Daisakusen (Japan).mra": {
      "hash": "f76977e510d1ff507b0069e4b903647b",
      "size": 3055,
      "tags": [
        12,
        13,
        16,
        18,
        22,
        24,
        25,
        26,
        27,
        47
      ]
    },
    "_Arcade/Out Zone.mra": {
      "hash": "bc4cd0aa8dbc821ea90fd22f6b154a4e",
      "size": 2556,
      "tags": [
        12,
        13,
        16,
        18,
        22,
        25,
        26,
        27,
        30,
        41
      ]
    },
    "_Arcade/P-47 - The Freedom Fighter (Japan).mra": {
      "hash": "b1abc8477aa75f38308d7983aa40bf04",
      "size": 3592,
      "tags": [
        11,
        18,
        22,
        25,
        26,
        27,
        29,
        30
      ]
    },
    "_Arcade/P.O.W. - Prisoners of War (US Version 1).mra": {
      "hash": "59e053a0cd632faf7d2b61cd48f159ae",
      "size": 3661,
      "tags": [
        11,
        18,
        22,
        24,
        25,
        26,
        27,
        42
      ]
    },
    "_Arcade/Paddle Mania.mra": {
      "hash": "ca4ce44e8f721f314db333343d5f5b3c",
      "size": 3255,
      "tags": [
        12,
        14,
        18,
        22,
        25,
        26,
        27,
        30,
        50,
        52,
        53
      ]
    },
    "_Arcade/Pipi & Bibis - Whoopee!! (Z80 sound cpu, set 1).mra": {
      "hash": "c6a9273bf01565e693b249f097721fcb",
      "size": 2417,
      "tags": [
        11,
        18,
        22,
        25,
        26,
        27,
        30,
        45
      ]
    },
    "_Arcade/Plus Alpha.mra": {
      "hash": "b837b5ee788fa134c04ee0d6818b60c0",
      "size": 3869,
      "tags": [
        13,
        15,
        18,
        22,
        26,
        27,
        29,
        30
      ]
    },
    "_Arcade/Prehistoric Isle in 1930 (World).mra": {
      "hash": "ca006fd2f090bdd4ee48652ba4374feb",
      "size": 2291,
      "tags": [
        11,
        18,
        22,
        25,
        26,
        27,
        30,
        46
      ]
    },
    "_Arcade/Rally Bike - Dash Yarou.mra": {
      "hash": "7cf441dfb32a248bbbfdac9fdaba610a",
      "size": 2552,
      "tags": [
        13,
        15,
        18,
        22,
        26,
        27,
        30,
        54
      ]
    },
    "_Arcade/Rod-Land (World, Set 1).mra": {
      "hash": "256cf6e657887d332f30f443b464fc56",
      "size": 3250,
      "tags": [
        11,
        18,
        22,
        25,
        26,
        27,
        29,
        30
      ]
    },
    "_Arcade/SAR - Search And Rescue (World).mra": {
      "hash": "28f37047a1b74a686b9c37488574cbc7",
      "size": 2891,
      "tags": [
        12,
        14,
        18,
        22,
        25,
        26,
        27,
        30,
        42
      ]
    },
    "_Arcade/Saint Dragon (Set 1).mra": {
      "hash": "03763b0f572cd2f75a387b749dd6c276",
      "size": 3486,
      "tags": [
        11,
        18,
        22,
        26,
        27,
        29,
        30
      ]
    },
    "_Arcade/Same! Same! Same! (2P Set).mra": {
      "hash": "b8fbc37aaeaa079e53746de23c950efa",
      "size": 2886,
      "tags": [
        13,
        15,
        18,
        22,
        25,
        26,
        27,
        30,
        39
      ]
    },
    "_Arcade/Sei Senshi Amatelass.mra": {
      "hash": "b298aaec233cd939945014e810943730",
      "size": 2928,
      "tags": [
        12,
        13,
        16,
        18,
        22,
        26,
        27,
        30,
        33
      ]
    },
    "_Arcade/Shippu Mahou Daisakusen (Japan).mra": {
      "hash": "ddf86e452aab67b34a7fa33fe273f0c8",
      "size": 3679,
      "tags": [
        12,
        13,
        16,
        18,
        22,
        24,
        25,
        26,
        27,
        43
      ]
    },
    "_Arcade/Sky Adventure (World).mra": {
      "hash": "55c310f9d9192a3eb10c534532647ec0",
      "size": 2386,
      "tags": [
        12,
        14,
        18,
        22,
        24,
        25,
        26,
        27,
        40
      ]
    },
    "_Arcade/Sky Soldiers (US).mra": {
      "hash": "928795019f48d63ccd48217b0dc9cc43",
      "size": 3987,
      "tags": [
        12,
        14,
        18,
        22,
        25,
        26,
        27,
        30,
        40
      ]
    },
    "_Arcade/Snow Bros. 2 - With New Elves - Otenki Paradise (Hanafram).mra": {
      "hash": "290528615868eabfba9d4e20b30bce86",
      "size": 2521,
      "tags": [
        11,
        18,
        22,
        25,
        26,
        27,
        30,
        52,
        53,
        55
      ]
    },
    "_Arcade/Soldam.mra": {
      "hash": "49651b46761f80f5a95c53f484f60cbb",
      "size": 3313,
      "tags": [
        11,
        18,
        22,
        25,
        26,
        27,
        29,
        30
      ]
    },
    "_Arcade/Street Smart (US Version 2).mra": {
      "hash": "8f6225eefbedb28138ab9c6e04d73c4f",
      "size": 2750,
      "tags": [
        11,
        18,
        22,
        24,
        25,
        26,
        27,
        42
      ]
    },
    "_Arcade/Tatakae! Big Fighter (Japan).mra": {
      "hash": "55826aeef5a31fbe0c1bcd63cf102532",
      "size": 2847,
      "tags": [
        11,
        18,
        22,
        26,
        27,
        30,
        35
      ]
    },
    "_Arcade/Teenage Mutant Ninja Turtles - Turtles in Time (4 Players Ver. UAA).mra": {
      "hash": "fb9ee14a0add9403e8c21013f30f9a94",
      "size": 2145,
      "tags": [
        11,
        18,
        22,
        25,
        26,
        27,
        30,
        48
      ]
    },
    "_Arcade/Teki Paki.mra": {
      "hash": "19fea16686958633fb1568d18fdc2d97",
      "size": 2075,
      "tags": [
        11,
        18,
        22,
        25,
        26,
        27,
        30,
        44
      ]
    },
    "_Arcade/Terra Cresta (YM3526 set 1).mra": {
      "hash": "9f5481596b821dbe7ed65e9ca39cf996",
      "size": 2727,
      "tags": [
        12,
        13,
        16,
        18,
        22,
        26,
        27,
        30,
        33
      ]
    },
    "_Arcade/Terra Force (Japan).mra": {
      "hash": "92922205fc2d7162b0f67beaca112ea2",
      "size": 2961,
      "tags": [
        11,
        16,
        18,
        22,
        26,
        27,
        30,
        35
      ]
    },
    "_Arcade/The Lord of King (Japan).mra": {
      "hash": "80632a4f970bba7a91d102df727ba36b",
      "size": 3714,
      "tags": [
        11,
        18,
        22,
        24,
        25,
        26,
        27,
        29
      ]
    },
    "_Arcade/The Next Space (Japan).mra": {
      "hash": "306cc33cdb932f87afb77ab31a206e10",
      "size": 2494,
      "tags": [
        12,
        14,
        18,
        22,
        25,
        26,
        27,
        30,
        50
      ]
    },
    "_Arcade/Time Soldiers (US Rev 3).mra": {
      "hash": "ed8daeb506eb0fcc1d93ff530937cd88",
      "size": 3317,
      "tags": [
        12,
        14,
        18,
        22,
        25,
        26,
        27,
        30,
        40
      ]
    },
    "_Arcade/Truxton - Tatsujin.mra": {
      "hash": "9a6ebdd0d3714675004f46b70c376965",
      "size": 2703,
      "tags": [
        12,
        13,
        16,
        18,
        22,
        26,
        27,
        30,
        41
      ]
    },
    "_Arcade/Truxton II - Tatsujin Oh.mra": {
      "hash": "73813fba8c4ee9665277c44309f597a0",
      "size": 2408,
      "tags": [
        12,
        13,
        16,
        18,
        22,
        24,
        25,
        26,
        27,
        51
      ]
    },
    "_Arcade/Vimana (Japan).mra": {
      "hash": "73b4c553ccecdb3a148f0728dcf2f678",
      "size": 2603,
      "tags": [
        13,
        15,
        18,
        22,
        25,
        26,
        27,
        30,
        39
      ]
    },
    "_Arcade/Zero Wing (2P Set).mra": {
      "hash": "3d733134fbc4387206cea10c5462f3ca",
      "size": 2711,
      "tags": [
        11,
        18,
        22,
        25,
        26,
        27,
        30,
        41
      ]
    },
    "_Arcade/_alternatives/_Armed Police Batrider/Armed Police Batrider (China) (Fri Feb 13 1998).mra": {
      "hash": "df03afd075735040e178dc2e0cbef85b",
      "size": 5593,
      "tags": [
        12,
        13,
        16,
        18,
        22,
        23,
        24,
        25,
        26,
        27,
        28
      ]
    },
    "_Arcade/_alternatives/_Armed Police Batrider/Armed Police Batrider (Europe) (Fri Feb 13 1998).mra": {
      "hash": "a42dab43f7d86788ce02646e7eafb391",
      "size": 5581,
      "tags": [
        12,
        13,
        16,
        18,
        22,
        23,
        24,
        25,
        26,
        27,
        28
      ]
    },
    "_Arcade/_alternatives/_Armed Police Batrider/Armed Police Batrider (Hong Kong) (Mon Dec 22 1997).mra": {
      "hash": "e3c5638b124673dd297c2becd6602a5c",
      "size": 5592,
      "tags": [
        12,
        13,
        16,
        18,
        22,
        23,
        24,
        25,
        26,
        27,
        28
      ]
    },
    "_Arcade/_alternatives/_Armed Police Batrider/Armed Police Batrider (Japan) (Mon Dec 22 1997).mra": {
      "hash": "54e0ae4f0ac1d54d32b1da274629972c",
      "size": 5588,
      "tags": [
        12,
        13,
        16,
        18,
        22,
        23,
        24,
        25,
        26,
        27,
        28
      ]
    },
    "_Arcade/_alternatives/_Armed Police Batrider/Armed Police Batrider (Korea) (Fri Feb 13 1998).mra": {
      "hash": "c548eea1ff42d8a6683178f5374196bb",
      "size": 5593,
      "tags": [
        12,
        13,
        16,
        18,
        22,
        23,
        24,
        25,
        26,
        27,
        28
      ]
    },
    "_Arcade/_alternatives/_Armed Police Batrider/Armed Police Batrider (Taiwan) (Mon Dec 22 1997).mra": {
      "hash": "a346763d1c6f477a843cd8919f99aa00",
      "size": 5587,
      "tags": [
        12,
        13,
        16,
        18,
        22,
        23,
        24,
        25,
        26,
        27,
        28
      ]
    },
    "_Arcade/_alternatives/_Armed Police Batrider/Armed Police Batrider (USA) (Fri Feb 13 1998).mra": {
      "hash": "edd6d4ce3b8fb068d541703a937969c6",
      "size": 5587,
      "tags": [
        12,
        13,
        16,
        18,
        22,
        23,
        24,
        25,
        26,
        27,
        28
      ]
    },
    "_Arcade/_alternatives/_Avenging Spirit/Phantasm (Japan).mra": {
      "hash": "35851abac15094e3b9cc3daddbd1a329",
      "size": 3250,
      "tags": [
        11,
        18,
        22,
        26,
        27,
        28,
        29,
        30
      ]
    },
    "_Arcade/_alternatives/_Battle Bakraid/Battle Bakraid (Japan) (Wed Apr 7 1999).mra": {
      "hash": "88daea34b5512829ea4d668cc857443f",
      "size": 4872,
      "tags": [
        12,
        13,
        16,
        18,
        22,
        24,
        25,
        26,
        27,
        28,
        31
      ]
    },
    "_Arcade/_alternatives/_Battle Bakraid/Battle Bakraid - Unlimited Version (China) (Tue Jun 8 1999).mra": {
      "hash": "99d967d850295cc9fd9be442bd22b408",
      "size": 5014,
      "tags": [
        12,
        13,
        16,
        18,
        22,
        24,
        25,
        26,
        27,
        28,
        31
      ]
    },
    "_Arcade/_alternatives/_Battle Bakraid/Battle Bakraid - Unlimited Version (USA) (Tue Jun 8 1999).mra": {
      "hash": "0f81d415d094b14367aa5ed4aaa2b8d3",
      "size": 4986,
      "tags": [
        12,
        13,
        16,
        18,
        22,
        24,
        25,
        26,
        27,
        28,
        31
      ]
    },
    "_Arcade/_alternatives/_Battle Garegga/Battle Garegga (Austria - Hong Kong) (Sat Feb 3 1996).mra": {
      "hash": "d005cf1f09686ef008d52edb9393155e",
      "size": 3573,
      "tags": [
        12,
        13,
        16,
        18,
        22,
        24,
        25,
        26,
        27,
        28,
        32
      ]
    },
    "_Arcade/_alternatives/_Battle Garegga/Battle Garegga (Korea - Greece) (Wed Feb 7 1996).mra": {
      "hash": "db04eb1c396cb6528602fe2aa43f9823",
      "size": 3554,
      "tags": [
        12,
        13,
        16,
        18,
        22,
        24,
        25,
        26,
        27,
        28,
        32
      ]
    },
    "_Arcade/_alternatives/_Battle Garegga/Battle Garegga (Taiwan - Germany) (Thu Feb 1 1996).mra": {
      "hash": "685a433625335b57062cd5d2ee09c9f9",
      "size": 3579,
      "tags": [
        12,
        13,
        16,
        18,
        22,
        24,
        25,
        26,
        27,
        28,
        32
      ]
    },
    "_Arcade/_alternatives/_Battle Garegga/Battle Garegga (location test) (Wed Jan 17 1996).mra": {
      "hash": "0376fc5d387e74f0cc8b8b3b7960e996",
      "size": 3637,
      "tags": [
        12,
        13,
        16,
        18,
        22,
        24,
        25,
        26,
        27,
        28,
        32
      ]
    },
    "_Arcade/_alternatives/_Battle Garegga/Battle Garegga - New Version (Austria - Hong Kong) (Sat Mar 2 1996).mra": {
      "hash": "4ff9267bbc38fe63c99048b41023ceb3",
      "size": 3582,
      "tags": [
        12,
        13,
        16,
        18,
        22,
        24,
        25,
        26,
        27,
        28,
        32
      ]
    },
    "_Arcade/_alternatives/_Battle Garegga/Battle Garegga - Type 2 (Denmark - China) (Tue Apr 2 1996).mra": {
      "hash": "e07092b1b4a96c1c73cdd0cd50e8dd59",
      "size": 3562,
      "tags": [
        12,
        13,
        16,
        18,
        22,
        24,
        25,
        26,
        27,
        28,
        32
      ]
    },
    "_Arcade/_alternatives/_Battle Garegga/Battle Garegga - Type 2 (Europe - USA - Japan - Asia) (Sat Mar 2 1996).mra": {
      "hash": "130f9dbd7d76e3f4fa9cc65ebffd20ff",
      "size": 3569,
      "tags": [
        12,
        13,
        16,
        18,
        22,
        24,
        25,
        26,
        27,
        28,
        32
      ]
    },
    "_Arcade/_alternatives/_Booby Kids/Kid no Hore Hore Daisakusen (Bootleg Set 1).mra": {
      "hash": "4d7e10c1df5b0b6096cc34d391607097",
      "size": 2892,
      "tags": [
        12,
        13,
        16,
        18,
        22,
        26,
        27,
        28,
        30,
        33,
        34
      ]
    },
    "_Arcade/_alternatives/_Booby Kids/Kid no Hore Hore Daisakusen (Bootleg Set 2).mra": {
      "hash": "4534b76a4e71e5c2778c52a581f0573e",
      "size": 2797,
      "tags": [
        12,
        13,
        16,
        18,
        22,
        26,
        27,
        28,
        30,
        33,
        34
      ]
    },
    "_Arcade/_alternatives/_Chouji Meikyuu Legion/Legion - Spinner-87 (World ver 2.03).mra": {
      "hash": "0da42e007add1c95b283a27cd4a946ea",
      "size": 3165,
      "tags": [
        12,
        13,
        16,
        18,
        22,
        25,
        26,
        27,
        28,
        30,
        35
      ]
    },
    "_Arcade/_alternatives/_Crazy Climber 2/Crazy Climber 2 (Japan, Harder).mra": {
      "hash": "6660a8935cb1af3ea6b780465f8ae6a6",
      "size": 3153,
      "tags": [
        11,
        18,
        22,
        27,
        28,
        35,
        36,
        37
      ]
    },
    "_Arcade/_alternatives/_Demon's World/Demon's World - Horror Story (Set 1).mra": {
      "hash": "88feefd3430358dc8635116826e307ab",
      "size": 2801,
      "tags": [
        11,
        18,
        22,
        24,
        25,
        26,
        27,
        28,
        38
      ]
    },
    "_Arcade/_alternatives/_Demon's World/Demon's World - Horror Story (Set 2).mra": {
      "hash": "2ab263f00361d4a6c79ea1a390988334",
      "size": 2822,
      "tags": [
        11,
        18,
        22,
        24,
        25,
        26,
        27,
        28,
        38
      ]
    },
    "_Arcade/_alternatives/_Demon's World/Demon's World - Horror Story (Set 4).mra": {
      "hash": "f05225bf53809abf0e9b1c2b6b3aed42",
      "size": 2860,
      "tags": [
        11,
        18,
        22,
        24,
        25,
        26,
        27,
        28,
        38
      ]
    },
    "_Arcade/_alternatives/_Demon's World/Demon's World - Horror Story (Set 5).mra": {
      "hash": "e557f7508aa9cafabdccab0181475486",
      "size": 2856,
      "tags": [
        11,
        18,
        22,
        24,
        25,
        26,
        27,
        28,
        38
      ]
    },
    "_Arcade/_alternatives/_Demon's World/Demon's World - Horror Story (Set 6).mra": {
      "hash": "d7ec7a6899c202c8a7d462172319ea90",
      "size": 2882,
      "tags": [
        11,
        18,
        22,
        24,
        25,
        26,
        27,
        28,
        38
      ]
    },
    "_Arcade/_alternatives/_E.D.F. - Earth Defense Force/E.D.F. -  Earth Defense Force (Japan, Prototype).mra": {
      "hash": "e46f54d0844137f80f44027569b1e667",
      "size": 3895,
      "tags": [
        11,
        18,
        22,
        25,
        26,
        27,
        28,
        29,
        30
      ]
    },
    "_Arcade/_alternatives/_Fire Shark/Fire Shark (Earlier).mra": {
      "hash": "aa8c831f936f9e39aeb7743a9e567a9a",
      "size": 2821,
      "tags": [
        13,
        15,
        18,
        22,
        25,
        26,
        27,
        28,
        30,
        39
      ]
    },
    "_Arcade/_alternatives/_Fire Shark/Fire Shark (Korea, Set 1, Easier).mra": {
      "hash": "8ea03c4b23766cf86a4349635884c21a",
      "size": 2840,
      "tags": [
        13,
        15,
        18,
        22,
        25,
        26,
        27,
        28,
        30,
        39
      ]
    },
    "_Arcade/_alternatives/_Fire Shark/Fire Shark (Korea, Set 2, Harder).mra": {
      "hash": "9edcfa7107a9f68024b34421334f204d",
      "size": 2842,
      "tags": [
        13,
        15,
        18,
        22,
        25,
        26,
        27,
        28,
        30,
        39
      ]
    },
    "_Arcade/_alternatives/_Fire Shark/Fire Shark.mra": {
      "hash": "1b4b87a9fb2b95a8e841485d1124b79a",
      "size": 2834,
      "tags": [
        13,
        15,
        18,
        22,
        25,
        26,
        27,
        28,
        30,
        39
      ]
    },
    "_Arcade/_alternatives/_Fire Shark/Jiao! Jiao! Jiao! (Hong Kong, 2P set).mra": {
      "hash": "493428469bde3cd76adbf8cc988fa899",
      "size": 2834,
      "tags": [
        13,
        15,
        18,
        22,
        25,
        26,
        27,
        28,
        30,
        39
      ]
    },
    "_Arcade/_alternatives/_Fire Shark/Same! Same! Same! (1P Set).mra": {
      "hash": "437d0965e3995d7fe8e06cbbedd3faa9",
      "size": 2835,
      "tags": [
        13,
        15,
        18,
        22,
        25,
        26,
        27,
        28,
        30,
        39
      ]
    },
    "_Arcade/_alternatives/_Fire Shark/Same! Same! Same! (1P Set, New Ver.).mra": {
      "hash": "d1d7204cba2e78c7ab7d779bbb8317f2",
      "size": 2855,
      "tags": [
        13,
        15,
        18,
        22,
        25,
        26,
        27,
        28,
        30,
        39
      ]
    },
    "_Arcade/_alternatives/_Formation Armed F/Armed F (Fillmore license).mra": {
      "hash": "5d644b3151d9b3c8f0f4da1b7988775c",
      "size": 2932,
      "tags": [
        13,
        15,
        18,
        22,
        26,
        27,
        28,
        30,
        35
      ]
    },
    "_Arcade/_alternatives/_Gang Wars/Gang Wars (Bootleg).mra": {
      "hash": "2ebdf94d22732855631046b7d2f8cd39",
      "size": 5398,
      "tags": [
        11,
        18,
        22,
        24,
        25,
        26,
        27,
        28,
        34,
        40
      ]
    },
    "_Arcade/_alternatives/_Gang Wars/Gang Wars (Japan).mra": {
      "hash": "655f1478157977e3a8cab34cdf870bfb",
      "size": 2929,
      "tags": [
        11,
        18,
        22,
        24,
        25,
        26,
        27,
        28,
        40
      ]
    },
    "_Arcade/_alternatives/_Gang Wars/Gang Wars (US).mra": {
      "hash": "8b46aa5bb7c10b82cdce43b20b4ecdd1",
      "size": 2911,
      "tags": [
        11,
        18,
        22,
        24,
        25,
        26,
        27,
        28,
        40
      ]
    },
    "_Arcade/_alternatives/_Hellfire/Hellfire (1P Set).mra": {
      "hash": "db529effcd72e637e279a4716d658646",
      "size": 2624,
      "tags": [
        11,
        18,
        22,
        26,
        27,
        28,
        30,
        41
      ]
    },
    "_Arcade/_alternatives/_Hellfire/Hellfire (1P Set, Older).mra": {
      "hash": "18aaf1d98170a9f6a0e17cbd521ffb4f",
      "size": 2633,
      "tags": [
        11,
        18,
        22,
        26,
        27,
        28,
        30,
        41
      ]
    },
    "_Arcade/_alternatives/_Hellfire/Hellfire (2P Set, Older).mra": {
      "hash": "aa6fb98131e34ed54d9dc125bf6607c5",
      "size": 2568,
      "tags": [
        11,
        18,
        22,
        26,
        27,
        28,
        30,
        41
      ]
    },
    "_Arcade/_alternatives/_Ikari III - The Rescue/Ikari III - The Rescue (US, Rotary Joystick).mra": {
      "hash": "d605221684f1ae817dbc58c665920f39",
      "size": 4017,
      "tags": [
        11,
        18,
        22,
        24,
        25,
        26,
        27,
        28,
        42
      ]
    },
    "_Arcade/_alternatives/_Ikari III - The Rescue/Ikari III - The Rescue (World, Rotary Joystick).mra": {
      "hash": "a842023118575b9fb564e23131f5679c",
      "size": 3312,
      "tags": [
        11,
        18,
        22,
        24,
        25,
        27,
        28,
        42
      ]
    },
    "_Arcade/_alternatives/_Ikari III - The Rescue/Ikari Three (Japan, Rotary Joystick).mra": {
      "hash": "1af3eecba6633eba7e807360b26c1d68",
      "size": 4016,
      "tags": [
        11,
        18,
        22,
        24,
        25,
        27,
        28,
        42
      ]
    },
    "_Arcade/_alternatives/_Ikari III - The Rescue/Ikari Three (Korea, 8-Way Joystick).mra": {
      "hash": "d70cd18dec818f0de1b54ec553593769",
      "size": 3063,
      "tags": [
        11,
        18,
        22,
        24,
        25,
        26,
        27,
        28,
        42
      ]
    },
    "_Arcade/_alternatives/_Kingdom Grandprix/Kingdom Grandprix.mra": {
      "hash": "43ae6648a769421c7ab322d68b80f523",
      "size": 3652,
      "tags": [
        12,
        13,
        16,
        18,
        22,
        24,
        25,
        26,
        27,
        28,
        43
      ]
    },
    "_Arcade/_alternatives/_Ninja Kazan/Ninja Kazan (World).mra": {
      "hash": "6ea333eb807e30878856f4cf3ca7a459",
      "size": 3748,
      "tags": [
        11,
        18,
        22,
        26,
        27,
        28,
        29,
        30
      ]
    },
    "_Arcade/_alternatives/_Out Zone/Out Zone (Harder).mra": {
      "hash": "4f536080d1c5a1b20b4c3129f1944da5",
      "size": 2581,
      "tags": [
        12,
        13,
        16,
        18,
        22,
        25,
        26,
        27,
        28,
        30,
        41
      ]
    },
    "_Arcade/_alternatives/_Out Zone/Out Zone (Old Set).mra": {
      "hash": "2014c4e309987970780119ee5912be00",
      "size": 2564,
      "tags": [
        12,
        13,
        16,
        18,
        22,
        25,
        26,
        27,
        28,
        30,
        41
      ]
    },
    "_Arcade/_alternatives/_Out Zone/Out Zone (Older set).mra": {
      "hash": "4d2d1aec6665b155d7b7dffe2d71be2d",
      "size": 2666,
      "tags": [
        12,
        13,
        16,
        18,
        22,
        25,
        26,
        27,
        28,
        30,
        41
      ]
    },
    "_Arcade/_alternatives/_Out Zone/Out Zone (Zero Wing TP-015 PCB Conversion).mra": {
      "hash": "eaa33483eb30da78729b4aec27a4a6ae",
      "size": 2687,
      "tags": [
        12,
        13,
        16,
        18,
        22,
        25,
        26,
        27,
        28,
        30,
        41
      ]
    },
    "_Arcade/_alternatives/_P-47 - The Freedom Fighter/P-47 - The Freedom Fighter (Japan, Export).mra": {
      "hash": "ff84b7dba469f8a949aa8da97281e453",
      "size": 3622,
      "tags": [
        11,
        18,
        22,
        25,
        26,
        27,
        28,
        29,
        30
      ]
    },
    "_Arcade/_alternatives/_P-47 - The Freedom Fighter/P-47 - The Phantom Fighter (World).mra": {
      "hash": "d39338eea5a59dd9daafc4ee7846a247",
      "size": 3582,
      "tags": [
        11,
        18,
        22,
        25,
        26,
        27,
        28,
        29,
        30
      ]
    },
    "_Arcade/_alternatives/_P.O.W. - Prisoners of War/Datsugoku - Prisoners of War (Japan).mra": {
      "hash": "2ed7cfe133680c632f0bbfe23f4c13b3",
      "size": 3654,
      "tags": [
        11,
        18,
        22,
        24,
        25,
        26,
        27,
        28,
        42
      ]
    },
    "_Arcade/_alternatives/_P.O.W. - Prisoners of War/P.O.W. - Prisoners of War (US Version 1, Mask ROM Sprites).mra": {
      "hash": "e951e857c535f1b9d22cb8efa9a3d6d0",
      "size": 2736,
      "tags": [
        11,
        18,
        22,
        24,
        25,
        26,
        27,
        28,
        42
      ]
    },
    "_Arcade/_alternatives/_Pipi & Bibis/Pipi & Bibis - Whoopee!! (Teki Paki hardware).mra": {
      "hash": "905bd48553ac0182f0e1caaa32be1021",
      "size": 2423,
      "tags": [
        11,
        18,
        22,
        25,
        26,
        27,
        28,
        30,
        44
      ]
    },
    "_Arcade/_alternatives/_Pipi & Bibis/Pipi & Bibis - Whoopee!! (Z80 sound cpu, set 2).mra": {
      "hash": "dcdbc41175cc9aa25b6057d2295e13c8",
      "size": 2440,
      "tags": [
        11,
        18,
        22,
        25,
        26,
        27,
        28,
        30,
        45
      ]
    },
    "_Arcade/_alternatives/_Prehistoric Isle in 1930/Genshitou 1930s.mra": {
      "hash": "9224ade070ea7d3de03817762e0506c7",
      "size": 2306,
      "tags": [
        11,
        18,
        22,
        25,
        26,
        27,
        28,
        30,
        46
      ]
    },
    "_Arcade/_alternatives/_Prehistoric Isle in 1930/Prehistoric Isle in 1930 (US).mra": {
      "hash": "e827bf0148a813e288c1c42bd656dbd2",
      "size": 2318,
      "tags": [
        11,
        18,
        22,
        25,
        26,
        27,
        28,
        30,
        46
      ]
    },
    "_Arcade/_alternatives/_Prehistoric Isle in 1930/Wonsido 1930s (Korea).mra": {
      "hash": "900705319ee3d931783e6115dcce4875",
      "size": 2315,
      "tags": [
        11,
        18,
        22,
        25,
        26,
        27,
        28,
        30,
        46
      ]
    },
    "_Arcade/_alternatives/_Rod-Land/R&T (Rod-Land Prototype).mra": {
      "hash": "62b03ef5817b91e21b2dc976a5524230",
      "size": 3518,
      "tags": [
        11,
        18,
        22,
        25,
        26,
        27,
        28,
        29,
        30
      ]
    },
    "_Arcade/_alternatives/_Rod-Land/Rod-Land (Japan).mra": {
      "hash": "9691afe526b2aef43e68edc7ecb9eb93",
      "size": 3257,
      "tags": [
        11,
        18,
        22,
        25,
        26,
        27,
        28,
        29,
        30
      ]
    },
    "_Arcade/_alternatives/_Rod-Land/Rod-Land (World, Set 2).mra": {
      "hash": "11e0ec55bccd6a187c4a2f9415593370",
      "size": 3264,
      "tags": [
        11,
        18,
        22,
        25,
        26,
        27,
        28,
        29,
        30
      ]
    },
    "_Arcade/_alternatives/_S.A.R. - Search and Rescue/SAR - Search And Rescue (Japan version 3).mra": {
      "hash": "2a89ba9cb1cbe7e0d7471ada5cda739a",
      "size": 2929,
      "tags": [
        12,
        14,
        18,
        22,
        25,
        26,
        27,
        28,
        30,
        42
      ]
    },
    "_Arcade/_alternatives/_S.A.R. - Search and Rescue/SAR - Search And Rescue (US).mra": {
      "hash": "b1b9f81db8d9e1a2075f84a56649306d",
      "size": 2896,
      "tags": [
        12,
        14,
        18,
        22,
        25,
        26,
        27,
        28,
        30,
        42
      ]
    },
    "_Arcade/_alternatives/_Saint Dragon/Saint Dragon (Set 2).mra": {
      "hash": "62ce1a99e7a156bdaebff9edf27cf5c8",
      "size": 3061,
      "tags": [
        11,
        18,
        22,
        26,
        27,
        28,
        29,
        30
      ]
    },
    "_Arcade/_alternatives/_Sky Adventure/Sky Adventure (Japan).mra": {
      "hash": "6dc961567bb89671ce057875fb330ec9",
      "size": 2403,
      "tags": [
        12,
        14,
        18,
        22,
        24,
        25,
        26,
        27,
        28,
        40
      ]
    },
    "_Arcade/_alternatives/_Sky Adventure/Sky Adventure (US).mra": {
      "hash": "c8e703b1fc0bdb41be34c52cd1994352",
      "size": 2441,
      "tags": [
        12,
        14,
        18,
        22,
        24,
        25,
        26,
        27,
        28,
        40
      ]
    },
    "_Arcade/_alternatives/_Sky Robo/Sky Robo.mra": {
      "hash": "ec6fd9586b53620ccd0d044d1ba2d684",
      "size": 2801,
      "tags": [
        11,
        18,
        22,
        26,
        27,
        28,
        30,
        35
      ]
    },
    "_Arcade/_alternatives/_Soldam/Soldam (Japan).mra": {
      "hash": "da8488e84a556a1050dd81f17fdceb52",
      "size": 3341,
      "tags": [
        11,
        18,
        22,
        25,
        26,
        27,
        28,
        29,
        30
      ]
    },
    "_Arcade/_alternatives/_Soldier Girl Amazon/Soldier Girl Amazon (Tecfri license).mra": {
      "hash": "e875a761d27209a634c0898027d04b1e",
      "size": 2933,
      "tags": [
        12,
        13,
        16,
        18,
        22,
        26,
        27,
        28,
        30,
        33
      ]
    },
    "_Arcade/_alternatives/_Soldier Girl Amazon/Soldier Girl Amazon.mra": {
      "hash": "7c644f078726e8ad7175906beff3e0a3",
      "size": 2906,
      "tags": [
        12,
        13,
        16,
        18,
        22,
        26,
        27,
        28,
        30,
        33
      ]
    },
    "_Arcade/_alternatives/_Sorcer Striker/Sorcer Striker (Korea).mra": {
      "hash": "c003fc946395faed33ff81e805172ceb",
      "size": 3065,
      "tags": [
        12,
        13,
        16,
        18,
        22,
        24,
        25,
        26,
        27,
        28,
        47
      ]
    },
    "_Arcade/_alternatives/_Sorcer Striker/Sorcer Striker.mra": {
      "hash": "a48cc9a6ff8e3d41e9e19b095eaa1fbd",
      "size": 3018,
      "tags": [
        12,
        13,
        16,
        18,
        22,
        24,
        25,
        26,
        27,
        28,
        47
      ]
    },
    "_Arcade/_alternatives/_Street Smart/Street Smart (Japan version 1).mra": {
      "hash": "a47f36aa40ac3ea510ff218686d8f784",
      "size": 2767,
      "tags": [
        11,
        18,
        22,
        24,
        25,
        26,
        27,
        28,
        42
      ]
    },
    "_Arcade/_alternatives/_Street Smart/Street Smart (US version 1).mra": {
      "hash": "ee998a244f0f44c1c97754d99a6d4807",
      "size": 2760,
      "tags": [
        11,
        18,
        22,
        24,
        25,
        26,
        27,
        28,
        42
      ]
    },
    "_Arcade/_alternatives/_Street Smart/Street Smart (World version 1).mra": {
      "hash": "da9eda54951afbaa80aeff323a2f2920",
      "size": 2767,
      "tags": [
        11,
        18,
        22,
        24,
        25,
        26,
        27,
        28,
        42
      ]
    },
    "_Arcade/_alternatives/_Super Champion Baseball/Super Champion Baseball (Japan).mra": {
      "hash": "ce713fe4ff8df39452e9cc24dede8873",
      "size": 2584,
      "tags": [
        11,
        18,
        22,
        24,
        25,
        26,
        27,
        28,
        40
      ]
    },
    "_Arcade/_alternatives/_Teenage Mutant Ninja Turtles - Turtles In Time/Teenage Mutant Hero Turtles - Turtles in Time (2 Players Ver. EBA).mra": {
      "hash": "67fb366c2fe868ddf9cad20d8f8c0d43",
      "size": 2164,
      "tags": [
        11,
        18,
        22,
        25,
        26,
        27,
        28,
        30,
        48
      ]
    },
    "_Arcade/_alternatives/_Teenage Mutant Ninja Turtles - Turtles In Time/Teenage Mutant Hero Turtles - Turtles in Time (4 Players Ver. EAA).mra": {
      "hash": "a503cccad48a1e2074d9694a7f6cdda5",
      "size": 2164,
      "tags": [
        11,
        18,
        22,
        25,
        26,
        27,
        28,
        30,
        48
      ]
    },
    "_Arcade/_alternatives/_Teenage Mutant Ninja Turtles - Turtles In Time/Teenage Mutant Ninja Turtles - Turtles in Time (2 Players Ver. UDA).mra": {
      "hash": "e01133340a2853f55f458b4e6328e1c7",
      "size": 2161,
      "tags": [
        11,
        18,
        22,
        25,
        26,
        27,
        28,
        30,
        48
      ]
    },
    "_Arcade/_alternatives/_Teenage Mutant Ninja Turtles - Turtles In Time/Teenage Mutant Ninja Turtles - Turtles in Time (4 Players Ver. ADA).mra": {
      "hash": "a71915d2f1c74e4b038154d919b84603",
      "size": 2159,
      "tags": [
        11,
        18,
        22,
        25,
        26,
        27,
        28,
        30,
        48
      ]
    },
    "_Arcade/_alternatives/_Teenage Mutant Ninja Turtles - Turtles In Time/Teenage Mutant Ninja Turtles - Turtles in Time (4 Players Ver. OAA).mra": {
      "hash": "859e2679f6c039dbfc427e1ea5a4a434",
      "size": 2162,
      "tags": [
        18,
        22,
        28,
        48,
        49
      ]
    },
    "_Arcade/_alternatives/_Teenage Mutant Ninja Turtles - Turtles In Time/Teenage Mutant Ninja Turtles - Turtles in Time (4 Players Ver. UEA).mra": {
      "hash": "7a94e38bbcc674c7f8e4ffb7127c7ffb",
      "size": 2161,
      "tags": [
        11,
        18,
        22,
        25,
        26,
        27,
        28,
        30,
        48
      ]
    },
    "_Arcade/_alternatives/_Terra Cresta/Terra Cresta (YM3526 set 2).mra": {
      "hash": "9ecc3556b7fe425023ceab972e0b7c58",
      "size": 3080,
      "tags": [
        12,
        13,
        16,
        18,
        22,
        26,
        27,
        28,
        30,
        33
      ]
    },
    "_Arcade/_alternatives/_Terra Cresta/Terra Cresta (YM3526 set 3).mra": {
      "hash": "b30843dbc674ff54e3dd9042f4e8687c",
      "size": 3080,
      "tags": [
        12,
        13,
        16,
        18,
        22,
        26,
        27,
        28,
        30,
        33
      ]
    },
    "_Arcade/_alternatives/_Terra Force/Terra Force (US).mra": {
      "hash": "0a21c9bb99436269592639aa7d835a61",
      "size": 2951,
      "tags": [
        11,
        16,
        18,
        22,
        26,
        27,
        28,
        30,
        35
      ]
    },
    "_Arcade/_alternatives/_Terra Force/Terra Force.mra": {
      "hash": "d2c2e85257aa395003e769218e0b995f",
      "size": 2813,
      "tags": [
        11,
        16,
        18,
        22,
        26,
        27,
        28,
        30,
        35
      ]
    },
    "_Arcade/_alternatives/_The Astyanax/The Astyanax (EPROM Version).mra": {
      "hash": "c57db1965196fc4826eee3e8bc1b30a8",
      "size": 3753,
      "tags": [
        11,
        18,
        22,
        24,
        25,
        26,
        27,
        28,
        29
      ]
    },
    "_Arcade/_alternatives/_The Astyanax/The Astyanax (Mask ROM Version).mra": {
      "hash": "bd48ac71502deeb14f0a813ea5d1ff44",
      "size": 3140,
      "tags": [
        11,
        18,
        22,
        24,
        25,
        26,
        27,
        28,
        29
      ]
    },
    "_Arcade/_alternatives/_The Next Space/The Next Space (Set 1).mra": {
      "hash": "794dbb730d995721c830642a4d2c2658",
      "size": 2428,
      "tags": [
        12,
        14,
        18,
        22,
        25,
        26,
        27,
        28,
        30,
        50
      ]
    },
    "_Arcade/_alternatives/_The Next Space/The Next Space (Set 2).mra": {
      "hash": "b5b4e7ccf32df318a49a88ccfd73abeb",
      "size": 3086,
      "tags": [
        12,
        14,
        18,
        22,
        25,
        26,
        27,
        28,
        30,
        50
      ]
    },
    "_Arcade/_alternatives/_Time Soldiers/Battle Field (Japan).mra": {
      "hash": "3f76d8ae66edd3caf69ba32084071064",
      "size": 3265,
      "tags": [
        12,
        14,
        18,
        22,
        25,
        26,
        27,
        28,
        30,
        40
      ]
    },
    "_Arcade/_alternatives/_Time Soldiers/Time Soldiers (US Rev 1).mra": {
      "hash": "fc9fe4a59f47bfc519189b2c6be8580b",
      "size": 3334,
      "tags": [
        12,
        14,
        18,
        22,
        25,
        26,
        27,
        28,
        30,
        40
      ]
    },
    "_Arcade/_alternatives/_Truxton II/Truxton II - Tatsujin Oh [New Version].mra": {
      "hash": "c99e2757a8c6db204da1d50355d460ea",
      "size": 9569,
      "tags": [
        12,
        13,
        16,
        18,
        22,
        24,
        25,
        26,
        27,
        28,
        51
      ]
    },
    "_Arcade/_alternatives/_Vimana/Vimana (World, Set 1).mra": {
      "hash": "10a5ef1089e9cc86e83287cebf165893",
      "size": 2525,
      "tags": [
        13,
        15,
        18,
        22,
        25,
        26,
        27,
        28,
        30,
        39
      ]
    },
    "_Arcade/_alternatives/_Vimana/Vimana (World, Set 2).mra": {
      "hash": "a4fb7b23c4e34cee3073336140026c9c",
      "size": 2597,
      "tags": [
        13,
        15,
        18,
        22,
        25,
        26,
        27,
        28,
        30,
        39
      ]
    },
    "_Arcade/_alternatives/_Zero Wing/Zero Wing (1P Set).mra": {
      "hash": "4ce31a8a023cef322f0216bb6392cfbc",
      "size": 2866,
      "tags": [
        11,
        18,
        22,
        25,
        26,
        27,
        28,
        30,
        41
      ]
    },
    "_Arcade/_alternatives/_Zero Wing/Zero Wing (2P Set, No Flash).mra": {
      "hash": "01718edccf22e2d79feac51edaece7e4",
      "size": 2859,
      "tags": [
        11,
        18,
        22,
        25,
        26,
        27,
        28,
        30,
        41
      ]
    },
    "_Arcade/_alternatives/_Zero Wing/Zero Wing (2P Set, Williams License).mra": {
      "hash": "aa4ea882de670e6f024b4110636accae",
      "size": 2746,
      "tags": [
        11,
        18,
        22,
        25,
        26,
        27,
        28,
        30,
        41
      ]
    },
    "_Arcade/cores/Alpha68k_20221223.rbf": {
      "hash": "89e3604b60bca145cc5312ea172353f9",
      "size": 3359820,
      "tags": [
        18,
        40,
        56,
        57
      ]
    },
    "_Arcade/cores/MegaSys1_A_20240106.rbf": {
      "hash": "629a8904f9159d832e336980411c892f",
      "size": 3808644,
      "tags": [
        18,
        29,
        56,
        57
      ]
    },
    "_Arcade/cores/NextSpace_20230330.rbf": {
      "hash": "7b9b56617c387d0772795de7923ed766",
      "size": 3119820,
      "tags": [
        18,
        50,
        56,
        57
      ]
    },
    "_Arcade/cores/SNK68_20221019.rbf": {
      "hash": "e965ce5c70c6db786dff2e11a5d4f85f",
      "size": 3506808,
      "tags": [
        18,
        42,
        56,
        57
      ]
    },
    "_Arcade/cores/armedf_20221013.rbf": {
      "hash": "a94c221b2fe4f01cadb42e72ca4b6f2b",
      "size": 3987812,
      "tags": [
        18,
        35,
        56,
        57
      ]
    },
    "_Arcade/cores/batrider_mister_20250330.rbf": {
      "hash": "c9cb89ee8fc798c88ca9d4ca7cc7444a",
      "size": 3662772,
      "tags": [
        18,
        23,
        56,
        57
      ]
    },
    "_Arcade/cores/bbakraid_mister_20250330.rbf": {
      "hash": "e3c85c0b58241f74b7c0dcbb27d9515c",
      "size": 3654644,
      "tags": [
        18,
        31,
        56,
        57
      ]
    },
    "_Arcade/cores/bgaregga_mister_20250330.rbf": {
      "hash": "c0b0e9a65e7c8c4ff38103d6706ae5b8",
      "size": 3474272,
      "tags": [
        18,
        32,
        56,
        57
      ]
    },
    "_Arcade/cores/demonwld_mister_20251031.rbf": {
      "hash": "98af5aa8e1ac90301a74ad84ddc06049",
      "size": 3723872,
      "tags": [
        18,
        38,
        56,
        57
      ]
    },
    "_Arcade/cores/kingdmgp_mister_20250330.rbf": {
      "hash": "541449bf752d35aa9354ff5153e39af5",
      "size": 3474120,
      "tags": [
        18,
        43,
        56,
        57
      ]
    },
    "_Arcade/cores/pipibibs_20240517.rbf": {
      "hash": "f806441dd0ba2f63ded91f2b1999337a",
      "size": 3129632,
      "tags": [
        18,
        45,
        56,
        57
      ]
    },
    "_Arcade/cores/prehisle_20230708.rbf": {
      "hash": "6a44c4dde63543167f8eb6481871f5a7",
      "size": 3789476,
      "tags": [
        18,
        46,
        56,
        57
      ]
    },
    "_Arcade/cores/rallybike_20240405.rbf": {
      "hash": "58ae8bd3baadd766cc63a17d642fd234",
      "size": 4206932,
      "tags": [
        18,
        54,
        56,
        57
      ]
    },
    "_Arcade/cores/snowbro2_20240817.rbf": {
      "hash": "c08c5a329c9aaa1f1084542deed458dd",
      "size": 3297012,
      "tags": [
        18,
        55,
        56,
        57
      ]
    },
    "_Arcade/cores/sstriker_mister_20250330.rbf": {
      "hash": "5ac6238ab9c31050c68bf4205aeff482",
      "size": 3435736,
      "tags": [
        18,
        47,
        56,
        57
      ]
    },
    "_Arcade/cores/tekipaki_20240518.rbf": {
      "hash": "0f5aed1355618a9aff3cba8f61f1d0a6",
      "size": 3151936,
      "tags": [
        18,
        44,
        56,
        57
      ]
    },
    "_Arcade/cores/terracresta_20220723.rbf": {
      "hash": "7f27228e5dd047032e98e2e21c5096c7",
      "size": 3973388,
      "tags": [
        18,
        33,
        56,
        57
      ]
    },
    "_Arcade/cores/tmnt2_mister_20251012.rbf": {
      "hash": "5dfccbf645edcfb89ea7d6450f305a11",
      "size": 3068648,
      "tags": [
        18,
        48,
        56,
        57
      ]
    },
    "_Arcade/cores/truxton2_20240517.rbf": {
      "hash": "43e15044ab2154a733cf89bc177ad1be",
      "size": 3452396,
      "tags": [
        18,
        51,
        56,
        57
      ]
    },
    "_Arcade/cores/vimana_20240404.rbf": {
      "hash": "737fc2aefd0f3bcf453cf55fb45e579d",
      "size": 3615072,
      "tags": [
        18,
        39,
        56,
        57
      ]
    },
    "_Arcade/cores/zerowing_20240404.rbf": {
      "hash": "c4b2d0bfd8260f134a77103cc7763fc4",
      "size": 3598616,
      "tags": [
        18,
        41,
        56,
        57
      ]
    }
  },
  "folders": {
    "_Arcade": {
      "tags": [
        18
      ]
    },
    "_Arcade/_alternatives": {
      "tags": [
        18,
        28
      ]
    },
    "_Arcade/_alternatives/_Armed Police Batrider": {
      "tags": [
        18,
        23,
        28
      ]
    },
    "_Arcade/_alternatives/_Avenging Spirit": {
      "tags": [
        18,
        28,
        29
      ]
    },
    "_Arcade/_alternatives/_Battle Bakraid": {
      "tags": [
        18,
        28,
        31
      ]
    },
    "_Arcade/_alternatives/_Battle Garegga": {
      "tags": [
        18,
        28,
        32
      ]
    },
    "_Arcade/_alternatives/_Booby Kids": {
      "tags": [
        18,
        28,
        33
      ]
    },
    "_Arcade/_alternatives/_Chouji Meikyuu Legion": {
      "tags": [
        18,
        28,
        35
      ]
    },
    "_Arcade/_alternatives/_Crazy Climber 2": {
      "tags": [
        18,
        28,
        35
      ]
    },
    "_Arcade/_alternatives/_Demon's World": {
      "tags": [
        18,
        28,
        38
      ]
    },
    "_Arcade/_alternatives/_E.D.F. - Earth Defense Force": {
      "tags": [
        18,
        28,
        29
      ]
    },
    "_Arcade/_alternatives/_Fire Shark": {
      "tags": [
        18,
        28,
        39
      ]
    },
    "_Arcade/_alternatives/_Formation Armed F": {
      "tags": [
        18,
        28,
        35
      ]
    },
    "_Arcade/_alternatives/_Gang Wars": {
      "tags": [
        18,
        28,
        40
      ]
    },
    "_Arcade/_alternatives/_Hellfire": {
      "tags": [
        18,
        28,
        41
      ]
    },
    "_Arcade/_alternatives/_Ikari III - The Rescue": {
      "tags": [
        18,
        28,
        42
      ]
    },
    "_Arcade/_alternatives/_Kingdom Grandprix": {
      "tags": [
        18,
        28,
        43
      ]
    },
    "_Arcade/_alternatives/_Ninja Kazan": {
      "tags": [
        18,
        28,
        29
      ]
    },
    "_Arcade/_alternatives/_Out Zone": {
      "tags": [
        18,
        28,
        41
      ]
    },
    "_Arcade/_alternatives/_P-47 - The Freedom Fighter": {
      "tags": [
        18,
        28,
        29
      ]
    },
    "_Arcade/_alternatives/_P.O.W. - Prisoners of War": {
      "tags": [
        18,
        28,
        42
      ]
    },
    "_Arcade/_alternatives/_Pipi & Bibis": {
      "tags": [
        18,
        28,
        44,
        45
      ]
    },
    "_Arcade/_alternatives/_Prehistoric Isle in 1930": {
      "tags": [
        18,
        28,
        46
      ]
    },
    "_Arcade/_alternatives/_Rod-Land": {
      "tags": [
        18,
        28,
        29
      ]
    },
    "_Arcade/_alternatives/_S.A.R. - Search and Rescue": {
      "tags": [
        18,
        28,
        42
      ]
    },
    "_Arcade/_alternatives/_Saint Dragon": {
      "tags": [
        18,
        28,
        29
      ]
    },
    "_Arcade/_alternatives/_Sky Adventure": {
      "tags": [
        18,
        28,
        40
      ]
    },
    "_Arcade/_alternatives/_Sky Robo": {
      "tags": [
        18,
        28,
        35
      ]
    },
    "_Arcade/_alternatives/_Soldam": {
      "tags": [
        18,
        28,
        29
      ]
    },
    "_Arcade/_alternatives/_Soldier Girl Amazon": {
      "tags": [
        18,
        28,
        33
      ]
    },
    "_Arcade/_alternatives/_Sorcer Striker": {
      "tags": [
        18,
        28,
        47
      ]
    },
    "_Arcade/_alternatives/_Street Smart": {
      "tags": [
        18,
        28,
        42
      ]
    },
    "_Arcade/_alternatives/_Super Champion Baseball": {
      "tags": [
        18,
        28,
        40
      ]
    },
    "_Arcade/_alternatives/_Teenage Mutant Ninja Turtles - Turtles In Time": {
      "tags": [
        18,
        28,
        48
      ]
    },
    "_Arcade/_alternatives/_Terra Cresta": {
      "tags": [
        18,
        28,
        33
      ]
    },
    "_Arcade/_alternatives/_Terra Force": {
      "tags": [
        18,
        28,
        35
      ]
    },
    "_Arcade/_alternatives/_The Astyanax": {
      "tags": [
        18,
        28,
        29
      ]
    },
    "_Arcade/_alternatives/_The Next Space": {
      "tags": [
        18,
        28,
        50
      ]
    },
    "_Arcade/_alternatives/_Time Soldiers": {
      "tags": [
        18,
        28,
        40
      ]
    },
    "_Arcade/_alternatives/_Truxton II": {
      "tags": [
        18,
        28,
        51
      ]
    },
    "_Arcade/_alternatives/_Vimana": {
      "tags": [
        18,
        28,
        39
      ]
    },
    "_Arcade/_alternatives/_Zero Wing": {
      "tags": [
        18,
        28,
        41
      ]
    },
    "_Arcade/cores": {
      "tags": [
        18,
        56
      ]
    },
    "|games": {
      "tags": [
        58
      ]
    },
    "|games/hbmame": {
      "tags": [
        58,
        59
      ]
    },
    "|games/mame": {
      "tags": [
        58,
        60
      ]
    }
  },
  "tag_dictionary": {
    "alternatives": 28,
    "arcade": 18,
    "arcadealpha68k": 40,
    "arcadearmedf": 35,
    "arcadebatridermister": 23,
    "arcadebbakraidmister": 31,
    "arcadebgareggamister": 32,
    "arcadecores": 18,
    "arcadedemonwldmister": 38,
    "arcadekingdmgpmister": 43,
    "arcademegasys1a": 29,
    "arcadenextspace": 50,
    "arcadepipibibs": 45,
    "arcadeprehisle": 46,
    "arcaderallybike": 54,
    "arcaderbfsonly": 57,
    "arcadesnk68": 42,
    "arcadesnowbro2": 55,
    "arcadesstrikermister": 47,
    "arcadetekipaki": 44,
    "arcadeterracresta": 33,
    "arcadetmnt2mister": 48,
    "arcadetruxton2": 51,
    "arcadevimana": 39,
    "arcadezerowing": 41,
    "controls2buttons": 30,
    "controls2players": 25,
    "controls3buttons": 24,
    "controls3players": 53,
    "controls4buttons": 36,
    "controls4players": 52,
    "controlsmove2way": 37,
    "controlsmove8way": 26,
    "cores": 56,
    "games": 58,
    "hbmame": 59,
    "mame": 60,
    "mra": 22,
    "nomadentrymra": 49,
    "screenhorizontalscanrate15khz": 27,
    "screennotate": 11,
    "screenrotationflip": 16,
    "screenrotationhorizontal": 11,
    "screenrotationverticalccw": 13,
    "screenrotationverticalccwnoflip": 15,
    "screenrotationverticalcw": 12,
    "screenrotationverticalcwnoflip": 14,
    "screentateccw": 13,
    "screentateccwnoflip": 15,
    "screentatecw": 12,
    "screentatecwnoflip": 14,
    "screentateflip": 16,
    "unlicensedgames": 34
  },
  "timestamp": 1761923221
}