{
  "base_files_url": "https://proxy.andi.com.br/mrchrisster/MiSTer_SAM/b44cb5f131e519f48e8d3e4036a5f09feb3f28c4/",
  "db_id": "MiSTer_SAM_files",
  "db_url": "https://proxy.andi.com.br/mrchrisster/MiSTer_SAM/db/db.json.zip",
  "files": {
    "Scripts/.MiSTer_SAM/MiSTer_SAM.default.ini": {
      "hash": "d568be4441c74e6dbb7d590296b69bd3",
      "size": 11701,
      "tags": [
        22,
        23,
        34,
        35
      ]
    },
    "Scripts/.MiSTer_SAM/MiSTer_SAM_MCP": {
      "hash": "290fcd5493b13eda5b7a44f5a0f4b8cc",
      "size": 8591,
      "tags": [
        22,
        23,
        41
      ]
    },
    "Scripts/.MiSTer_SAM/MiSTer_SAM_MCP.py": {
      "hash": "bdf26ff4183f4db80eaf07d18031d5a0",
      "size": 28703,
      "tags": [
        22,
        23,
        41,
        42
      ]
    },
    "Scripts/.MiSTer_SAM/MiSTer_SAM_init": {
      "hash": "b4bf86dbe7b3a645889f904813264934",
      "size": 3398,
      "tags": [
        22,
        23,
        36
      ]
    },
    "Scripts/.MiSTer_SAM/MiSTer_SAM_joy.py": {
      "hash": "fbcc4009bb41b8d70dfc6b9613b6bbee",
      "size": 5582,
      "tags": [
        22,
        23,
        37,
        38
      ]
    },
    "Scripts/.MiSTer_SAM/MiSTer_SAM_keyboard.py": {
      "hash": "2d73375ebe33f2a1dc545bb737fff093",
      "size": 561,
      "tags": [
        22,
        23,
        39,
        40
      ]
    },
    "Scripts/.MiSTer_SAM/MiSTer_SAM_menu.sh": {
      "hash": "a3ec689f61ceee38902080d07b5e43c7",
      "size": 50909,
      "tags": [
        22,
        23,
        43,
        44
      ]
    },
    "Scripts/.MiSTer_SAM/MiSTer_SAM_mouse.py": {
      "hash": "44b68b08089d9d1698624dcc646a908b",
      "size": 552,
      "tags": [
        22,
        23,
        45,
        46
      ]
    },
    "Scripts/.MiSTer_SAM/MiSTer_SAM_tty2oled": {
      "hash": "c027cdb229c49ed26a9b519cdd776c1f",
      "size": 10189,
      "tags": [
        22,
        23,
        47
      ]
    },
    "Scripts/.MiSTer_SAM/SAM_Gamelists/amiga_blacklist.txt": {
      "hash": "9a01af084058cc8bc566bb7ece9bc7d8",
      "size": 146773,
      "tags": [
        22,
        23,
        53,
        54
      ]
    },
    "Scripts/.MiSTer_SAM/SAM_Gamelists/arcade_blacklist.txt": {
      "hash": "d92400a2aa373ac8261dfbd31533d71b",
      "size": 3140,
      "tags": [
        22,
        23,
        53,
        55
      ]
    },
    "Scripts/.MiSTer_SAM/SAM_Gamelists/arcade_tvc.txt": {
      "hash": "52c43d034fad773b80cd7799b9341983",
      "size": 265,
      "tags": [
        22,
        23,
        53,
        56
      ]
    },
    "Scripts/.MiSTer_SAM/SAM_Gamelists/atari2600_tvc.txt": {
      "hash": "052253933be242b213301f12dff3aec4",
      "size": 1138,
      "tags": [
        22,
        23,
        53,
        57
      ]
    },
    "Scripts/.MiSTer_SAM/SAM_Gamelists/atari5200_tvc.txt": {
      "hash": "defda124a1c7e18fcfd1de8ff31761c4",
      "size": 706,
      "tags": [
        22,
        23,
        53,
        58
      ]
    },
    "Scripts/.MiSTer_SAM/SAM_Gamelists/atari7800_tvc.txt": {
      "hash": "25782f2eebb21c5bd5b1bc88df336c9e",
      "size": 151,
      "tags": [
        22,
        23,
        53,
        59
      ]
    },
    "Scripts/.MiSTer_SAM/SAM_Gamelists/atarilynx_tvc.txt": {
      "hash": "1c0170a29bd96b3d992100599d91ca0c",
      "size": 93,
      "tags": [
        22,
        23,
        53,
        60
      ]
    },
    "Scripts/.MiSTer_SAM/SAM_Gamelists/fds_blacklist.txt": {
      "hash": "afdd04cdf9ec87c243c410d6f2cda7f8",
      "size": 20025,
      "tags": [
        22,
        23,
        53,
        61
      ]
    },
    "Scripts/.MiSTer_SAM/SAM_Gamelists/gb_tvc.txt": {
      "hash": "3de420ea210c35cc74b0724a0675e0b0",
      "size": 3338,
      "tags": [
        22,
        23,
        53,
        62
      ]
    },
    "Scripts/.MiSTer_SAM/SAM_Gamelists/gba_blacklist.txt": {
      "hash": "af7be49193508c164f5c2dbec1706153",
      "size": 83704,
      "tags": [
        22,
        23,
        53,
        63
      ]
    },
    "Scripts/.MiSTer_SAM/SAM_Gamelists/gbc_tvc.txt": {
      "hash": "0446371850b6588ee0057a1fc2c34849",
      "size": 154,
      "tags": [
        22,
        23,
        53,
        64
      ]
    },
    "Scripts/.MiSTer_SAM/SAM_Gamelists/genesis_blacklist.txt": {
      "hash": "d945fd8c058bb83bbedda2402e42d9b6",
      "size": 48285,
      "tags": [
        22,
        23,
        53,
        65
      ]
    },
    "Scripts/.MiSTer_SAM/SAM_Gamelists/genesis_tvc.txt": {
      "hash": "f43ed2f88e75b465ec3f71324e071370",
      "size": 6689,
      "tags": [
        22,
        23,
        53,
        66
      ]
    },
    "Scripts/.MiSTer_SAM/SAM_Gamelists/gg_tvc.txt": {
      "hash": "62391de303e78cf0fb1f1ddea342a977",
      "size": 259,
      "tags": [
        22,
        23,
        53,
        67
      ]
    },
    "Scripts/.MiSTer_SAM/SAM_Gamelists/m82_list.txt": {
      "hash": "5e420654bd388c81daee22329c93d739",
      "size": 155,
      "tags": [
        22,
        23,
        53,
        68
      ]
    },
    "Scripts/.MiSTer_SAM/SAM_Gamelists/megacd_blacklist.txt": {
      "hash": "9078309562b138cffaff0c0bb213f4cb",
      "size": 3319,
      "tags": [
        22,
        23,
        53,
        69
      ]
    },
    "Scripts/.MiSTer_SAM/SAM_Gamelists/megacd_tvc.txt": {
      "hash": "72a54e6b8d6aefc88acc4010ed98cca3",
      "size": 815,
      "tags": [
        22,
        23,
        53,
        70
      ]
    },
    "Scripts/.MiSTer_SAM/SAM_Gamelists/n64_blacklist.txt": {
      "hash": "7c735eb28e4906629ad03aa146dda248",
      "size": 17855,
      "tags": [
        22,
        23,
        53,
        71
      ]
    },
    "Scripts/.MiSTer_SAM/SAM_Gamelists/n64_tvc.txt": {
      "hash": "13d130b6d00157980be3cf6a0d8ca6f3",
      "size": 6359,
      "tags": [
        22,
        23,
        53,
        72
      ]
    },
    "Scripts/.MiSTer_SAM/SAM_Gamelists/neogeo_blacklist.txt": {
      "hash": "0c3ed825d333a63e844c923520b6e055",
      "size": 925,
      "tags": [
        22,
        23,
        53,
        73
      ]
    },
    "Scripts/.MiSTer_SAM/SAM_Gamelists/nes_blacklist.txt": {
      "hash": "218836ac6879e143c2b4b4a5a9768d63",
      "size": 159139,
      "tags": [
        22,
        23,
        53,
        74
      ]
    },
    "Scripts/.MiSTer_SAM/SAM_Gamelists/nes_tvc.txt": {
      "hash": "5243441635a6ec160631c65635b22aa6",
      "size": 1843,
      "tags": [
        22,
        23,
        53,
        75
      ]
    },
    "Scripts/.MiSTer_SAM/SAM_Gamelists/psx_blacklist.txt": {
      "hash": "7ca3cb3f9bec704ef912d03d7832b25f",
      "size": 18012,
      "tags": [
        22,
        23,
        53,
        76
      ]
    },
    "Scripts/.MiSTer_SAM/SAM_Gamelists/psx_tvc.txt": {
      "hash": "1d160471ba110158dfbf46818924d143",
      "size": 11161,
      "tags": [
        22,
        23,
        53,
        77
      ]
    },
    "Scripts/.MiSTer_SAM/SAM_Gamelists/readme.md": {
      "hash": "e7d4ba78090bc8b2d878d603b4935792",
      "size": 347,
      "tags": [
        22,
        23,
        53,
        78
      ]
    },
    "Scripts/.MiSTer_SAM/SAM_Gamelists/s32x_blacklist.txt": {
      "hash": "bfd24b076d09edb0593b91c05e469fe0",
      "size": 2501,
      "tags": [
        22,
        23,
        53,
        79
      ]
    },
    "Scripts/.MiSTer_SAM/SAM_Gamelists/s32x_tvc.txt": {
      "hash": "952a57c97f76dc2dfc76b8bac38744fc",
      "size": 243,
      "tags": [
        22,
        23,
        53,
        80
      ]
    },
    "Scripts/.MiSTer_SAM/SAM_Gamelists/sam_goat_list.txt": {
      "hash": "9bba3d1f3c4e81c686b8b0724f55143e",
      "size": 1406,
      "tags": [
        22,
        23,
        53,
        81
      ]
    },
    "Scripts/.MiSTer_SAM/SAM_Gamelists/saturn_tvc.txt": {
      "hash": "ff4d338cdee81faa3c66327b40201fae",
      "size": 122,
      "tags": [
        22,
        23,
        53,
        82
      ]
    },
    "Scripts/.MiSTer_SAM/SAM_Gamelists/sgb_tvc.txt": {
      "hash": "6e09120eadcf6e9fd7b83c22188aae12",
      "size": 282,
      "tags": [
        22,
        23,
        53,
        83
      ]
    },
    "Scripts/.MiSTer_SAM/SAM_Gamelists/sms_blacklist.txt": {
      "hash": "82124f0bdd068f2225fee2bf0b33ed11",
      "size": 33510,
      "tags": [
        22,
        23,
        53,
        84
      ]
    },
    "Scripts/.MiSTer_SAM/SAM_Gamelists/sms_tvc.txt": {
      "hash": "5e561c04987f49fa42368829efa60eff",
      "size": 113,
      "tags": [
        22,
        23,
        53,
        85
      ]
    },
    "Scripts/.MiSTer_SAM/SAM_Gamelists/snes_blacklist.txt": {
      "hash": "b6bc42ea13cf12ff3759fff026f12fe7",
      "size": 105786,
      "tags": [
        22,
        23,
        53,
        86
      ]
    },
    "Scripts/.MiSTer_SAM/SAM_Gamelists/snes_tvc.txt": {
      "hash": "aee6c94dbe4c57ab40e37b6b882390ac",
      "size": 4960,
      "tags": [
        22,
        23,
        53,
        87
      ]
    },
    "Scripts/.MiSTer_SAM/SAM_Gamelists/tgfx16_blacklist.txt": {
      "hash": "e7ea83a78a97d6223f4d105a81227a13",
      "size": 10975,
      "tags": [
        22,
        23,
        53,
        88
      ]
    },
    "Scripts/.MiSTer_SAM/SAM_Gamelists/tgfx16_tvc.txt": {
      "hash": "002c447f5350e66eb63da94f5a97fd89",
      "size": 358,
      "tags": [
        22,
        23,
        53,
        89
      ]
    },
    "Scripts/.MiSTer_SAM/SAM_Gamelists/tgfx16cd_blacklist.txt": {
      "hash": "c7756206ad9a62e1350aa726b07a066e",
      "size": 5595,
      "tags": [
        22,
        23,
        53,
        90
      ]
    },
    "Scripts/.MiSTer_SAM/SAM_Gamelists/tgfx16cd_tvc.txt": {
      "hash": "8643968a341c0da5987d35e082212c86",
      "size": 960,
      "tags": [
        22,
        23,
        53,
        91
      ]
    },
    "Scripts/.MiSTer_SAM/SAM_Rated/amiga_rated.txt": {
      "hash": "7b90fc5294804d5eac57389a0d2c1782",
      "size": 795,
      "tags": [
        22,
        23,
        92,
        93
      ]
    },
    "Scripts/.MiSTer_SAM/SAM_Rated/ao486_rated.txt": {
      "hash": "ed169325069dd5684a02344852746090",
      "size": 1919,
      "tags": [
        22,
        23,
        92,
        94
      ]
    },
    "Scripts/.MiSTer_SAM/SAM_Rated/arcade_rated.txt": {
      "hash": "af5cbbbe488537dafc62c28f73785002",
      "size": 3113,
      "tags": [
        22,
        23,
        92,
        95
      ]
    },
    "Scripts/.MiSTer_SAM/SAM_Rated/fds_rated.txt": {
      "hash": "b38878ff7f65129b6e1727cbb10f8762",
      "size": 70,
      "tags": [
        22,
        23,
        92,
        96
      ]
    },
    "Scripts/.MiSTer_SAM/SAM_Rated/gb_rated.txt": {
      "hash": "48c32f632b9d80cd5f1fd3f9aff306c1",
      "size": 1691,
      "tags": [
        22,
        23,
        92,
        97
      ]
    },
    "Scripts/.MiSTer_SAM/SAM_Rated/gba_rated.txt": {
      "hash": "40bf7ca006286dc15206cd5dfc8ad108",
      "size": 12303,
      "tags": [
        22,
        23,
        92,
        98
      ]
    },
    "Scripts/.MiSTer_SAM/SAM_Rated/gbc_rated.txt": {
      "hash": "c2f853868096f41489958d07a96a968c",
      "size": 6105,
      "tags": [
        22,
        23,
        92,
        99
      ]
    },
    "Scripts/.MiSTer_SAM/SAM_Rated/genesis_rated.txt": {
      "hash": "3f017b88ac05ed07c0ff76b35050a062",
      "size": 2207,
      "tags": [
        22,
        23,
        92,
        100
      ]
    },
    "Scripts/.MiSTer_SAM/SAM_Rated/gg_rated.txt": {
      "hash": "bd9b7f3d4102151bcce15b94bcdb0c18",
      "size": 639,
      "tags": [
        22,
        23,
        92,
        101
      ]
    },
    "Scripts/.MiSTer_SAM/SAM_Rated/megacd_rated.txt": {
      "hash": "708828979aa069f4c8b951e0d2e7de3a",
      "size": 176,
      "tags": [
        22,
        23,
        92,
        102
      ]
    },
    "Scripts/.MiSTer_SAM/SAM_Rated/n64_mature.txt": {
      "hash": "d20c345fd25e40b3c342debc0e47eff2",
      "size": 306,
      "tags": [
        22,
        23,
        92,
        103
      ]
    },
    "Scripts/.MiSTer_SAM/SAM_Rated/n64_rated.txt": {
      "hash": "dfb1d6e713f3f12ac0092cb54285cbf3",
      "size": 2103,
      "tags": [
        22,
        23,
        92,
        104
      ]
    },
    "Scripts/.MiSTer_SAM/SAM_Rated/neogeo_rated.txt": {
      "hash": "45321e4ae42f514b5a49280114d586aa",
      "size": 210,
      "tags": [
        22,
        23,
        92,
        105
      ]
    },
    "Scripts/.MiSTer_SAM/SAM_Rated/nes_rated.txt": {
      "hash": "c34fc7a11a6d9de2584123053d49612e",
      "size": 2339,
      "tags": [
        22,
        23,
        92,
        106
      ]
    },
    "Scripts/.MiSTer_SAM/SAM_Rated/psx_rated.txt": {
      "hash": "be92c861510829b567b69fe7a9db8f12",
      "size": 11139,
      "tags": [
        22,
        23,
        92,
        107
      ]
    },
    "Scripts/.MiSTer_SAM/SAM_Rated/saturn_mature.txt": {
      "hash": "132e2045da0d872616c18bcaaf663637",
      "size": 2269,
      "tags": [
        22,
        23,
        92,
        108
      ]
    },
    "Scripts/.MiSTer_SAM/SAM_Rated/saturn_rated.txt": {
      "hash": "b1de20b8efb46a8864a8bd8df84d8a73",
      "size": 2919,
      "tags": [
        22,
        23,
        92,
        109
      ]
    },
    "Scripts/.MiSTer_SAM/SAM_Rated/sms_rated.txt": {
      "hash": "905a758624403fca458852d9eb2a3149",
      "size": 760,
      "tags": [
        22,
        23,
        92,
        110
      ]
    },
    "Scripts/.MiSTer_SAM/SAM_Rated/snes_rated.txt": {
      "hash": "34879fd21290963916a74e982801071c",
      "size": 2534,
      "tags": [
        22,
        23,
        92,
        111
      ]
    },
    "Scripts/.MiSTer_SAM/SAM_Rated/tgfx16_rated.txt": {
      "hash": "949f6fb31094151f61c0beaa30c6d9f7",
      "size": 1107,
      "tags": [
        22,
        23,
        92,
        112
      ]
    },
    "Scripts/.MiSTer_SAM/SAM_Rated/tgfx16cd_mature.txt": {
      "hash": "bcb2e3f065b73a4f27f671f78886a3a7",
      "size": 1850,
      "tags": [
        22,
        23,
        92,
        113
      ]
    },
    "Scripts/.MiSTer_SAM/SAM_Rated/tgfx16cd_rated.txt": {
      "hash": "3169761c046646d9b56bb536a32cf975",
      "size": 168,
      "tags": [
        22,
        23,
        92,
        114
      ]
    },
    "Scripts/.MiSTer_SAM/SAM_splash.gsc": {
      "hash": "7f21b9e024e0cec6c96350ec3e438e5b",
      "size": 41562,
      "tags": [
        22,
        23,
        115,
        116
      ]
    },
    "Scripts/.MiSTer_SAM/bgm.sh": {
      "hash": "c89bb83b74b678336ac11ca21dabf506",
      "size": 27089,
      "tags": [
        22,
        23,
        24,
        25
      ]
    },
    "Scripts/.MiSTer_SAM/inputs/GBA_input_1234_5678_v3.map": {
      "hash": "8f92c934b355c6be04951e55df02a501",
      "size": 128,
      "tags": [
        22,
        23,
        26,
        27
      ]
    },
    "Scripts/.MiSTer_SAM/inputs/MegaCD_input_1234_5678_v3.map": {
      "hash": "cfacade005c02b506a8685dbfbd8e2ab",
      "size": 128,
      "tags": [
        22,
        23,
        26,
        28
      ]
    },
    "Scripts/.MiSTer_SAM/inputs/NEOGEO_input_1234_5678_v3.map": {
      "hash": "64f886cc23aaabd012d99e8d4c6c8869",
      "size": 128,
      "tags": [
        22,
        23,
        26,
        29
      ]
    },
    "Scripts/.MiSTer_SAM/inputs/NES_input_1234_5678_v3.map": {
      "hash": "24f42a99b0fcccb89a17d4e3fd68a051",
      "size": 128,
      "tags": [
        22,
        23,
        26,
        30
      ]
    },
    "Scripts/.MiSTer_SAM/inputs/SATURN_input_1234_5678_v3.map": {
      "hash": "b4a61cd7878b782188eade07b02560a0",
      "size": 128,
      "tags": [
        22,
        23,
        26,
        31
      ]
    },
    "Scripts/.MiSTer_SAM/inputs/TGFX16_input_1234_5678_v3.map": {
      "hash": "64419396bc83f5f021e519386e5da0d4",
      "size": 128,
      "tags": [
        22,
        23,
        26,
        32
      ]
    },
    "Scripts/.MiSTer_SAM/mbc": {
      "hash": "ebd8605dcbf381d69fe32b7f1429553d",
      "size": 86224,
      "tags": [
        22,
        23,
        33
      ]
    },
    "Scripts/.MiSTer_SAM/mplayer.zip": {
      "hash": "b953d9fac0831d03fbf8e141700ad324",
      "size": 7860677,
      "tags": [
        22,
        23,
        48,
        49
      ]
    },
    "Scripts/.MiSTer_SAM/partun": {
      "hash": "e10785f0336e68358d0bd3f1e403cd0d",
      "size": 1061132,
      "tags": [
        22,
        23,
        50
      ]
    },
    "Scripts/.MiSTer_SAM/sam_controllers.json": {
      "hash": "c8eb6773f5c28308b23ef84fa8e98ea2",
      "size": 521,
      "tags": [
        22,
        23,
        51,
        52
      ]
    },
    "Scripts/.MiSTer_SAM/samindex": {
      "hash": "79b279194430f463bc2bfdcbeb1fb61d",
      "size": 4823629,
      "tags": [
        22,
        23,
        117
      ]
    },
    "Scripts/.MiSTer_SAM/sv_yt240_list.txt": {
      "hash": "918f989ddd6dff9b447b52c29c67c382",
      "size": 15370,
      "tags": [
        22,
        23,
        118,
        119
      ]
    },
    "Scripts/.MiSTer_SAM/sv_yt360_list.txt": {
      "hash": "918f989ddd6dff9b447b52c29c67c382",
      "size": 15370,
      "tags": [
        22,
        23,
        120,
        121
      ]
    },
    "Scripts/MiSTer_SAM_mrchrisster.ini": {
      "hash": "9341ef2a545ccaaf6635a0b9d4478942",
      "size": 10219,
      "tags": [
        22,
        122
      ]
    },
    "Scripts/MiSTer_SAM_off.sh": {
      "hash": "ba4014025d924944c6be96d990c7ebac",
      "size": 56,
      "tags": [
        22,
        123
      ]
    },
    "Scripts/MiSTer_SAM_on.sh": {
      "hash": "668d5197b7f4806b7dae3d45251d6b4b",
      "size": 152428,
      "tags": [
        22,
        124
      ]
    }
  },
  "folders": {
    "Scripts": {
      "tags": [
        22
      ]
    },
    "Scripts/.MiSTer_SAM": {
      "tags": [
        22,
        23
      ]
    },
    "Scripts/.MiSTer_SAM/SAM_Gamelists": {
      "tags": [
        22,
        23
      ]
    },
    "Scripts/.MiSTer_SAM/SAM_Rated": {
      "tags": [
        22,
        23
      ]
    },
    "Scripts/.MiSTer_SAM/inputs": {
      "tags": [
        22,
        23
      ]
    }
  },
  "tag_dictionary": {
    ".mistersam": 23,
    "amigablacklist": 54,
    "amigarated": 93,
    "ao486rated": 94,
    "arcadeblacklist": 55,
    "arcaderated": 95,
    "arcadetvc": 56,
    "atari2600tvc": 57,
    "atari5200tvc": 58,
    "atari7800tvc": 59,
    "atarilynxtvc": 60,
    "bgm": 25,
    "bgm.sh": 24,
    "fdsblacklist": 61,
    "fdsrated": 96,
    "gbablacklist": 63,
    "gbainput12345678v3": 27,
    "gbarated": 98,
    "gbcrated": 99,
    "gbctvc": 64,
    "gbrated": 97,
    "gbtvc": 62,
    "genesisblacklist": 65,
    "genesisrated": 100,
    "genesistvc": 66,
    "ggrated": 101,
    "ggtvc": 67,
    "inputs": 26,
    "m82list": 68,
    "mbc": 33,
    "megacdblacklist": 69,
    "megacdinput12345678v3": 28,
    "megacdrated": 102,
    "megacdtvc": 70,
    "mistersam.default": 35,
    "mistersam.default.ini": 34,
    "mistersaminit": 36,
    "mistersamjoy": 38,
    "mistersamjoy.py": 37,
    "mistersamkeyboard": 40,
    "mistersamkeyboard.py": 39,
    "mistersammcp": 41,
    "mistersammcp.py": 42,
    "mistersammenu": 44,
    "mistersammenu.sh": 43,
    "mistersammouse": 46,
    "mistersammouse.py": 45,
    "mistersammrchrisster": 122,
    "mistersamoff": 123,
    "mistersamon": 124,
    "mistersamtty2oled": 47,
    "mplayer": 49,
    "mplayer.zip": 48,
    "n64blacklist": 71,
    "n64mature": 103,
    "n64rated": 104,
    "n64tvc": 72,
    "neogeoblacklist": 73,
    "neogeoinput12345678v3": 29,
    "neogeorated": 105,
    "nesblacklist": 74,
    "nesinput12345678v3": 30,
    "nesrated": 106,
    "nestvc": 75,
    "partun": 50,
    "psxblacklist": 76,
    "psxrated": 107,
    "psxtvc": 77,
    "readme": 78,
    "s32xblacklist": 79,
    "s32xtvc": 80,
    "samcontrollers": 52,
    "samcontrollers.json": 51,
    "samgamelists": 53,
    "samgoatlist": 81,
    "samindex": 117,
    "samrated": 92,
    "samsplash": 116,
    "samsplash.gsc": 115,
    "saturninput12345678v3": 31,
    "saturnmature": 108,
    "saturnrated": 109,
    "saturntvc": 82,
    "scripts": 22,
    "sgbtvc": 83,
    "smsblacklist": 84,
    "smsrated": 110,
    "smstvc": 85,
    "snesblacklist": 86,
    "snesrated": 111,
    "snestvc": 87,
    "svyt240list": 119,
    "svyt240list.txt": 118,
    "svyt360list": 121,
    "svyt360list.txt": 120,
    "tgfx16blacklist": 88,
    "tgfx16cdblacklist": 90,
    "tgfx16cdmature": 113,
    "tgfx16cdrated": 114,
    "tgfx16cdtvc": 91,
    "tgfx16input12345678v3": 32,
    "tgfx16rated": 112,
    "tgfx16tvc": 89
  },
  "timestamp": 1761273733
}