{
  "base_files_url": "https://proxy.andi.com.br/RGarciaLago/Wallpaper_Collection/6291784cb976a891c01fe8b96bf4607e600525c1/",
  "db_id": "RGarciaLago/Wallpaper_Collection",
  "db_url": "https://proxy.andi.com.br/RGarciaLago/Wallpaper_Collection/db/db.json.zip",
  "files": {
    "wallpapers/artistic_amiga.png": {
      "hash": "eb4d05eb1567659973454594edf2cc84",
      "size": 1088014,
      "tags": [
        16,
        17,
        18
      ]
    },
    "wallpapers/artistic_arcade.png": {
      "hash": "b458540155704cb1520ab9c45463b215",
      "size": 1223302,
      "tags": [
        16,
        17,
        19
      ]
    },
    "wallpapers/artistic_controllers.png": {
      "hash": "0e7358068dfe8ebd0015deb16684909e",
      "size": 467222,
      "tags": [
        16,
        17,
        20
      ]
    },
    "wallpapers/artistic_de-10-nano.png": {
      "hash": "ce23902c2a518954b78352fbb995ae67",
      "size": 3079329,
      "tags": [
        16,
        17,
        21
      ]
    },
    "wallpapers/artistic_donna_mister.png": {
      "hash": "3f2537619369411f890073262be5c12a",
      "size": 2944979,
      "tags": [
        16,
        17,
        22
      ]
    },
    "wallpapers/artistic_gameboy.png": {
      "hash": "f0b5cf858aa9fe01f22d6b247873980d",
      "size": 1321302,
      "tags": [
        16,
        17,
        23
      ]
    },
    "wallpapers/artistic_genesis.png": {
      "hash": "6fd8048938e8fe8787337e24f28a9677",
      "size": 2222360,
      "tags": [
        16,
        17,
        24
      ]
    },
    "wallpapers/artistic_msdos.png": {
      "hash": "1d13e4293eaa2e5ea16df1f7eda378e0",
      "size": 1550145,
      "tags": [
        16,
        17,
        25
      ]
    },
    "wallpapers/artistic_neo_geo.png": {
      "hash": "dcea552f77f66aa2804c7e1ba1e8ab5b",
      "size": 672841,
      "tags": [
        16,
        17,
        26
      ]
    },
    "wallpapers/artistic_snes.png": {
      "hash": "77904382f76c607963925d138b9e38d3",
      "size": 340926,
      "tags": [
        16,
        17,
        27
      ]
    },
    "wallpapers/fancy_amiga.png": {
      "hash": "b4be346408372989623b330daa3a2300",
      "size": 1128716,
      "tags": [
        16,
        17,
        28
      ]
    },
    "wallpapers/fancy_arcade.png": {
      "hash": "52f59b9e6f3f156232f2a5f1d24f8fa2",
      "size": 2857300,
      "tags": [
        16,
        17,
        29
      ]
    },
    "wallpapers/fancy_atari.png": {
      "hash": "cdd31bb11c9c7be70da93ed450778a14",
      "size": 1556917,
      "tags": [
        16,
        17,
        30
      ]
    },
    "wallpapers/fancy_cartridges.png": {
      "hash": "5c951be598e66acff24f245a2a91b80f",
      "size": 1703749,
      "tags": [
        16,
        17,
        31
      ]
    },
    "wallpapers/fancy_commodore2001.png": {
      "hash": "c9fa5e13f3f9e206b1587e5c379b8e2a",
      "size": 3502860,
      "tags": [
        16,
        17,
        32
      ]
    },
    "wallpapers/fancy_commodore64.png": {
      "hash": "7073d170d5e2ea857f9217cf3d643e5c",
      "size": 4384263,
      "tags": [
        16,
        17,
        33
      ]
    },
    "wallpapers/fancy_game_boy_color.png": {
      "hash": "5b0efd76e1227dfad63641e2ae4ddc51",
      "size": 2226927,
      "tags": [
        16,
        17,
        34
      ]
    },
    "wallpapers/fancy_game_gear.png": {
      "hash": "df7c46994bc926176c3893f6865b1627",
      "size": 2696678,
      "tags": [
        16,
        17,
        35
      ]
    },
    "wallpapers/fancy_genesis.png": {
      "hash": "9c0b3f47715260703c969e4df9a60c06",
      "size": 2286716,
      "tags": [
        16,
        17,
        36
      ]
    },
    "wallpapers/fancy_lynx_jaguar.png": {
      "hash": "1bb1ea1c7842048ef063650d1fe31c85",
      "size": 2459945,
      "tags": [
        16,
        17,
        37
      ]
    },
    "wallpapers/fancy_msx.png": {
      "hash": "f4e7485c21a705baaf84bd8b92fbaa6f",
      "size": 2407990,
      "tags": [
        16,
        17,
        38
      ]
    },
    "wallpapers/fancy_neo_geo.png": {
      "hash": "60e777f305560cf39076e2623ec81198",
      "size": 1110693,
      "tags": [
        16,
        17,
        39
      ]
    },
    "wallpapers/fancy_nes.png": {
      "hash": "098bff0990a16ee4202b1cfce15d45de",
      "size": 1572266,
      "tags": [
        16,
        17,
        40
      ]
    },
    "wallpapers/fancy_nintendo_64.png": {
      "hash": "e9c91e9d014600bc8f63554336c4efd2",
      "size": 1585096,
      "tags": [
        16,
        17,
        41
      ]
    },
    "wallpapers/fancy_playstation.png": {
      "hash": "956af55decc8e4a102e8bb27a77575d9",
      "size": 2264701,
      "tags": [
        16,
        17,
        42
      ]
    },
    "wallpapers/fancy_saturn_jp.png": {
      "hash": "0592fcc3b453e0fae2196bea8381c2c7",
      "size": 2215391,
      "tags": [
        16,
        17,
        43
      ]
    },
    "wallpapers/fancy_saturn_us.png": {
      "hash": "68ce72593a0b789921efe347c6657753",
      "size": 947559,
      "tags": [
        16,
        17,
        44
      ]
    },
    "wallpapers/fancy_sfc.png": {
      "hash": "7fe76890a05a83e2a89d1fdb3df9ec2c",
      "size": 2446810,
      "tags": [
        16,
        17,
        45
      ]
    },
    "wallpapers/fancy_snes.png": {
      "hash": "561ef85243f86941d03bacb7752615b4",
      "size": 2673199,
      "tags": [
        16,
        17,
        46
      ]
    },
    "wallpapers/fancy_turbografx-16.png": {
      "hash": "696281be0cc334983e8e7d96519f0b32",
      "size": 1618862,
      "tags": [
        16,
        17,
        47
      ]
    },
    "wallpapers/fancy_vectrex.png": {
      "hash": "e4561c6ccb7db02f7db9286ed3a53485",
      "size": 2766001,
      "tags": [
        16,
        17,
        48
      ]
    },
    "wallpapers/fancy_zx81.png": {
      "hash": "226ff1071cfadc1b00a8684ab22cf026",
      "size": 3330405,
      "tags": [
        16,
        17,
        49
      ]
    },
    "wallpapers/game_air_zonk.png": {
      "hash": "960c54473b464fdb733b7fdc5f7b8a1e",
      "size": 1394795,
      "tags": [
        16,
        17,
        50
      ]
    },
    "wallpapers/game_banjo_kazooie.png": {
      "hash": "ec33a1e878c9978eb58617e36fd40cd8",
      "size": 2177565,
      "tags": [
        16,
        17,
        51
      ]
    },
    "wallpapers/game_bomberman.png": {
      "hash": "d737bfb17069432585a885d273b3a859",
      "size": 782681,
      "tags": [
        16,
        17,
        52
      ]
    },
    "wallpapers/game_bubble_bobble.png": {
      "hash": "c582332fb75526ca2c765d78346ed540",
      "size": 3558254,
      "tags": [
        16,
        17,
        53
      ]
    },
    "wallpapers/game_castlevania.png": {
      "hash": "faf6034902426a6255e7d486b8efc9cb",
      "size": 2977075,
      "tags": [
        16,
        17,
        54
      ]
    },
    "wallpapers/game_chrono_trigger.png": {
      "hash": "79cb3d98f716462d8727b7e7aa2f05b0",
      "size": 2090233,
      "tags": [
        16,
        17,
        55
      ]
    },
    "wallpapers/game_contra.png": {
      "hash": "c192119d0e86ce349530d6b78872b438",
      "size": 3624522,
      "tags": [
        16,
        17,
        56
      ]
    },
    "wallpapers/game_cotton.png": {
      "hash": "ad1a96d3024b72c4968742ebf2708dbf",
      "size": 2273184,
      "tags": [
        16,
        17,
        57
      ]
    },
    "wallpapers/game_dodonpachi.png": {
      "hash": "6dd6d0aee6dd1d55c946f1b4aab1622a",
      "size": 3039691,
      "tags": [
        16,
        17,
        58
      ]
    },
    "wallpapers/game_dragon_quest_3.png": {
      "hash": "5045a1b8c86a1a65ae9080bb3bc94e4a",
      "size": 3087145,
      "tags": [
        16,
        17,
        59
      ]
    },
    "wallpapers/game_duck_hunt.png": {
      "hash": "58cbeb357b784eb6ba57da216065db55",
      "size": 247119,
      "tags": [
        16,
        17,
        60
      ]
    },
    "wallpapers/game_earthbound.png": {
      "hash": "18db36f168724d18eae50bce7a1629f1",
      "size": 2294129,
      "tags": [
        16,
        17,
        61
      ]
    },
    "wallpapers/game_f-zero.png": {
      "hash": "b006cb74e5f58533b8708decdc314402",
      "size": 25126,
      "tags": [
        16,
        17,
        62
      ]
    },
    "wallpapers/game_final_fantasy_iv.png": {
      "hash": "5cf479144372e93bb9a875c25a3c42c8",
      "size": 118747,
      "tags": [
        16,
        17,
        63
      ]
    },
    "wallpapers/game_final_fantasy_vii.png": {
      "hash": "e14e1ed4dd04a18b53e0650dd16ee7b0",
      "size": 1932198,
      "tags": [
        16,
        17,
        64
      ]
    },
    "wallpapers/game_galaga.png": {
      "hash": "b99ca90fd053975b0c7ee60731279755",
      "size": 24210,
      "tags": [
        16,
        17,
        65
      ]
    },
    "wallpapers/game_golden_axe.png": {
      "hash": "cd17a8ee163b979baf247301560e29e4",
      "size": 2312413,
      "tags": [
        16,
        17,
        66
      ]
    },
    "wallpapers/game_king_of_fighters.png": {
      "hash": "fd3da24f39f39605475743a60dd006b9",
      "size": 118620,
      "tags": [
        16,
        17,
        67
      ]
    },
    "wallpapers/game_kirby.png": {
      "hash": "f9618c8ec17525027a8fa885d6c4f336",
      "size": 16703,
      "tags": [
        16,
        17,
        68
      ]
    },
    "wallpapers/game_lode_runner.png": {
      "hash": "cf6311516831b3e7dee06bccfb53a1b7",
      "size": 10567,
      "tags": [
        16,
        17,
        69
      ]
    },
    "wallpapers/game_mario_kart_64.png": {
      "hash": "f1c14de7fcde1fdf011e4ea7dc2ac282",
      "size": 2022020,
      "tags": [
        16,
        17,
        70
      ]
    },
    "wallpapers/game_mega_man.png": {
      "hash": "501d8bd7496a4e87584e78e8cc5b699f",
      "size": 2079769,
      "tags": [
        16,
        17,
        71
      ]
    },
    "wallpapers/game_mega_man_2.png": {
      "hash": "886b8aec82a3b1d4d73a3a90b4d8c9c8",
      "size": 176662,
      "tags": [
        16,
        17,
        72
      ]
    },
    "wallpapers/game_metal_gear_solid.png": {
      "hash": "97ce4edfdce93ebf629f50f84653d065",
      "size": 3614391,
      "tags": [
        16,
        17,
        73
      ]
    },
    "wallpapers/game_metal_slug.png": {
      "hash": "3ef1825e19b918dfe66dbbf53f0bd0df",
      "size": 4041575,
      "tags": [
        16,
        17,
        74
      ]
    },
    "wallpapers/game_mortal_kombat_2.png": {
      "hash": "60fbab44cb4b64e2c1e9c9f9641f7068",
      "size": 650912,
      "tags": [
        16,
        17,
        75
      ]
    },
    "wallpapers/game_nights_into_dreams.png": {
      "hash": "28ab6cc1ea5d1d415571b3551c98de3a",
      "size": 2070086,
      "tags": [
        16,
        17,
        76
      ]
    },
    "wallpapers/game_outrun.png": {
      "hash": "c5abe8f0b6fbd74a3a0203a49454df51",
      "size": 11620,
      "tags": [
        16,
        17,
        77
      ]
    },
    "wallpapers/game_pacman.png": {
      "hash": "f320dc6d3c52b50da46a1e82eb86485d",
      "size": 3361403,
      "tags": [
        16,
        17,
        78
      ]
    },
    "wallpapers/game_panzer_dragoon.png": {
      "hash": "e58b11fac577a22cf09cac4fe272565f",
      "size": 3674328,
      "tags": [
        16,
        17,
        79
      ]
    },
    "wallpapers/game_phantasy_star.png": {
      "hash": "f193884d9c7f51fd86b231319bd4e93a",
      "size": 3698794,
      "tags": [
        16,
        17,
        80
      ]
    },
    "wallpapers/game_quake.png": {
      "hash": "a3846d8efed2058f2994782116244329",
      "size": 1958485,
      "tags": [
        16,
        17,
        81
      ]
    },
    "wallpapers/game_resident_evil_2.png": {
      "hash": "82387d9396725e2dd601fed29a5e9c5b",
      "size": 2911709,
      "tags": [
        16,
        17,
        82
      ]
    },
    "wallpapers/game_ridge_racer_type_4.png": {
      "hash": "cab6c55b6507f394242f275842b2828c",
      "size": 1215414,
      "tags": [
        16,
        17,
        83
      ]
    },
    "wallpapers/game_samurai_shodown.png": {
      "hash": "3a6986b4638b842edb95632357d8c1da",
      "size": 81007,
      "tags": [
        16,
        17,
        84
      ]
    },
    "wallpapers/game_secret_of_monkey_island.png": {
      "hash": "be9ce956c2b629c7d76388d3587eb58a",
      "size": 3749124,
      "tags": [
        16,
        17,
        85
      ]
    },
    "wallpapers/game_silent_hill.png": {
      "hash": "b4ae4d8fce323709674adad77c94d842",
      "size": 2688015,
      "tags": [
        16,
        17,
        86
      ]
    },
    "wallpapers/game_sim_city.png": {
      "hash": "06e5073cf077943e961151ef2e030d1c",
      "size": 108993,
      "tags": [
        16,
        17,
        87
      ]
    },
    "wallpapers/game_snatcher.png": {
      "hash": "3ac905ce90cbfd00d6b93d8de550e67a",
      "size": 1539670,
      "tags": [
        16,
        17,
        88
      ]
    },
    "wallpapers/game_sonic_r.png": {
      "hash": "e19b52c869c47d537317a3104c3f1bf5",
      "size": 1587655,
      "tags": [
        16,
        17,
        89
      ]
    },
    "wallpapers/game_sonic_the_hedgehog.png": {
      "hash": "4f7d52667fa21f42b85a9ea18b54bff7",
      "size": 1110481,
      "tags": [
        16,
        17,
        90
      ]
    },
    "wallpapers/game_space_invaders.png": {
      "hash": "322d0d3e6021d67bdc41b846c503349f",
      "size": 627941,
      "tags": [
        16,
        17,
        91
      ]
    },
    "wallpapers/game_star_fox.png": {
      "hash": "87d147a8b860de4dfce66395856fe2fd",
      "size": 2349371,
      "tags": [
        16,
        17,
        92
      ]
    },
    "wallpapers/game_street_fighter.png": {
      "hash": "a60b73b8f7b4f3637ff8b27feaf36d16",
      "size": 270042,
      "tags": [
        16,
        17,
        93
      ]
    },
    "wallpapers/game_streets_of_rage.png": {
      "hash": "d7fb9b0111c37616c635d936cc207361",
      "size": 19466,
      "tags": [
        16,
        17,
        94
      ]
    },
    "wallpapers/game_super_mario_64.png": {
      "hash": "9a85fe3d831f1b9423fc3a93ed4045a7",
      "size": 1096400,
      "tags": [
        16,
        17,
        95
      ]
    },
    "wallpapers/game_super_mario_bros.png": {
      "hash": "5adffcd677450b69dac208fc7449e1b4",
      "size": 206494,
      "tags": [
        16,
        17,
        96
      ]
    },
    "wallpapers/game_super_metroid.png": {
      "hash": "2c5bc3110acdc4f3ebb34e5720644c55",
      "size": 56575,
      "tags": [
        16,
        17,
        97
      ]
    },
    "wallpapers/game_super_punch-out.png": {
      "hash": "2cca76329c90435e79174b07fa6bc1c9",
      "size": 30121,
      "tags": [
        16,
        17,
        98
      ]
    },
    "wallpapers/game_tloz_link_to_the_past.png": {
      "hash": "5953b2cc61536988b15d20a99151a520",
      "size": 27045,
      "tags": [
        16,
        17,
        99
      ]
    },
    "wallpapers/game_tloz_ocarina_of_time.png": {
      "hash": "76a4eebc7d39e3bafe731ce8c2c09373",
      "size": 2934901,
      "tags": [
        16,
        17,
        100
      ]
    },
    "wallpapers/game_tmnt_turtles_in_time.png": {
      "hash": "dd6c46b227aa445ed6055a81f1ef96c8",
      "size": 52442,
      "tags": [
        16,
        17,
        101
      ]
    },
    "wallpapers/game_tomb_raider.png": {
      "hash": "53fa4ed4b908532d6cca67ccdaf867e5",
      "size": 2231860,
      "tags": [
        16,
        17,
        102
      ]
    },
    "wallpapers/game_tomba!.png": {
      "hash": "566d18f9b8e764b98af9556bfeaaa751",
      "size": 3581737,
      "tags": [
        16,
        17,
        103
      ]
    },
    "wallpapers/game_virtua_fighter.png": {
      "hash": "a08f42161348b1b3dd4bc4739c7d50cc",
      "size": 1999015,
      "tags": [
        16,
        17,
        104
      ]
    },
    "wallpapers/game_wave_race_64.png": {
      "hash": "7e95e3f8b30d2124dd8d278593efb223",
      "size": 2641138,
      "tags": [
        16,
        17,
        105
      ]
    },
    "wallpapers/logo_amiga.png": {
      "hash": "a1f90053280ce9f073b3df3b50614627",
      "size": 2667141,
      "tags": [
        16,
        17,
        106
      ]
    },
    "wallpapers/logo_amstrad.png": {
      "hash": "04c81c5532d40cfb9ab25337882d4cf1",
      "size": 2673877,
      "tags": [
        16,
        17,
        107
      ]
    },
    "wallpapers/logo_arcade.png": {
      "hash": "91536a8ec5f4d1f40ee2e3dd7c8c41e8",
      "size": 506837,
      "tags": [
        16,
        17,
        108
      ]
    },
    "wallpapers/logo_atari.png": {
      "hash": "004e0f4aaa5679e2cc5b022c150b030f",
      "size": 2988491,
      "tags": [
        16,
        17,
        109
      ]
    },
    "wallpapers/logo_atarist.png": {
      "hash": "52d65ce813fa06c357e89005043dd139",
      "size": 2670493,
      "tags": [
        16,
        17,
        110
      ]
    },
    "wallpapers/logo_bbc.png": {
      "hash": "da694e74121dd8b1728ff19243769336",
      "size": 2507364,
      "tags": [
        16,
        17,
        111
      ]
    },
    "wallpapers/logo_c64.png": {
      "hash": "685b49f1703bf0ac235c0bf3b63bfb5e",
      "size": 2818401,
      "tags": [
        16,
        17,
        112
      ]
    },
    "wallpapers/logo_nintendo.png": {
      "hash": "7eee418addcc19ef8d7fcf23eb46ba98",
      "size": 2689134,
      "tags": [
        16,
        17,
        113
      ]
    },
    "wallpapers/logo_sega.png": {
      "hash": "e7da91f24dd527a8967044fac0696167",
      "size": 2354838,
      "tags": [
        16,
        17,
        114
      ]
    },
    "wallpapers/logo_snes.png": {
      "hash": "35c5fe019a7aa35f18661216ae9f69f3",
      "size": 3519232,
      "tags": [
        16,
        17,
        115
      ]
    },
    "wallpapers/logo_spectrum.png": {
      "hash": "21b6d026c2078fce3f223a401504647a",
      "size": 2586296,
      "tags": [
        16,
        17,
        116
      ]
    },
    "wallpapers/logo_turbografx-16.png": {
      "hash": "de09c6c08c45538af5704d62371544fa",
      "size": 982091,
      "tags": [
        16,
        17,
        117
      ]
    }
  },
  "folders": {
    "wallpapers": {
      "tags": [
        16
      ]
    }
  },
  "tag_dictionary": {
    "ar169": 17,
    "artisticamiga": 18,
    "artisticarcade": 19,
    "artisticcontrollers": 20,
    "artisticde10nano": 21,
    "artisticdonnamister": 22,
    "artisticgameboy": 23,
    "artisticgenesis": 24,
    "artisticmsdos": 25,
    "artisticneogeo": 26,
    "artisticsnes": 27,
    "fancyamiga": 28,
    "fancyarcade": 29,
    "fancyatari": 30,
    "fancycartridges": 31,
    "fancycommodore2001": 32,
    "fancycommodore64": 33,
    "fancygameboycolor": 34,
    "fancygamegear": 35,
    "fancygenesis": 36,
    "fancylynxjaguar": 37,
    "fancymsx": 38,
    "fancyneogeo": 39,
    "fancynes": 40,
    "fancynintendo64": 41,
    "fancyplaystation": 42,
    "fancysaturnjp": 43,
    "fancysaturnus": 44,
    "fancysfc": 45,
    "fancysnes": 46,
    "fancyturbografx16": 47,
    "fancyvectrex": 48,
    "fancyzx81": 49,
    "gameairzonk": 50,
    "gamebanjokazooie": 51,
    "gamebomberman": 52,
    "gamebubblebobble": 53,
    "gamecastlevania": 54,
    "gamechronotrigger": 55,
    "gamecontra": 56,
    "gamecotton": 57,
    "gamedodonpachi": 58,
    "gamedragonquest3": 59,
    "gameduckhunt": 60,
    "gameearthbound": 61,
    "gamefinalfantasyiv": 63,
    "gamefinalfantasyvii": 64,
    "gamefzero": 62,
    "gamegalaga": 65,
    "gamegoldenaxe": 66,
    "gamekingoffighters": 67,
    "gamekirby": 68,
    "gameloderunner": 69,
    "gamemariokart64": 70,
    "gamemegaman": 71,
    "gamemegaman2": 72,
    "gamemetalgearsolid": 73,
    "gamemetalslug": 74,
    "gamemortalkombat2": 75,
    "gamenightsintodreams": 76,
    "gameoutrun": 77,
    "gamepacman": 78,
    "gamepanzerdragoon": 79,
    "gamephantasystar": 80,
    "gamequake": 81,
    "gameresidentevil2": 82,
    "gameridgeracertype4": 83,
    "gamesamuraishodown": 84,
    "gamesecretofmonkeyisland": 85,
    "gamesilenthill": 86,
    "gamesimcity": 87,
    "gamesnatcher": 88,
    "gamesonicr": 89,
    "gamesonicthehedgehog": 90,
    "gamespaceinvaders": 91,
    "gamestarfox": 92,
    "gamestreetfighter": 93,
    "gamestreetsofrage": 94,
    "gamesupermario64": 95,
    "gamesupermariobros": 96,
    "gamesupermetroid": 97,
    "gamesuperpunchout": 98,
    "gametlozlinktothepast": 99,
    "gametlozocarinaoftime": 100,
    "gametmntturtlesintime": 101,
    "gametomba": 103,
    "gametombraider": 102,
    "gamevirtuafighter": 104,
    "gamewaverace64": 105,
    "logoamiga": 106,
    "logoamstrad": 107,
    "logoarcade": 108,
    "logoatari": 109,
    "logoatarist": 110,
    "logobbc": 111,
    "logoc64": 112,
    "logonintendo": 113,
    "logosega": 114,
    "logosnes": 115,
    "logospectrum": 116,
    "logoturbografx16": 117,
    "wallpapers": 16
  },
  "timestamp": 1703873923
}